Date,PERLIS,KEDAH,PULAU PINANG,PERAK,SELANGOR,NEGERI SEMBILAN,MELAKA,JOHOR,PAHANG,TERENGGANU,KELANTAN,SABAH,SARAWAK,WP KUALA LUMPUR,WP PUTRAJAYA,WP LABUAN,JUMLAH KESELURUHAN,URL
2020-03-27,0,1,6,8,36,6,0,20,4,2,4,10,15,16,2,0,130,https://kpkesihatan.com/2020/03/27/kenyataan-akhbar-kpk-27-mac-2020-situasi-semasa-jangkitan-penyakit-coronavirus-2019-covid-19-di-malaysia/
2020-03-28,0,1,6,6,33,15,9,26,14,4,10,15,8,7,0,5,159,https://kpkesihatan.com/2020/03/28/kenyataan-akhbar-kpk-28-mac-2020-situasi-semasa-jangkitan-penyakit-coronavirus-2019-covid-19-di-malaysia/
2020-03-29,0,1,1,11,33,9,1,24,12,2,15,0,11,28,2,0,150,https://kpkesihatan.com/2020/03/29/kenyataan-akhbar-kpk-29-mac-2020-situasi-semasa-jangkitan-penyakit-coronavirus-2019-covid-19-di-malaysia/
2020-03-30,1,2,1,8,60,10,7,24,3,0,4,4,6,24,2,0,156,https://kpkesihatan.com/2020/03/30/kenyataan-akhbar-kpk-30-mac-2020-situasi-semasa-jangkitan-penyakit-coronavirus-2019-covid-19-di-malaysia/
2020-03-31,1,0,6,5,32,9,2,16,3,0,4,5,21,34,2,0,140,https://kpkesihatan.com/2020/03/31/kenyataan-akhbar-kpk-31-mac-2020-situasi-semasa-jangkitan-penyakit-coronavirus-2019-covid-19-di-malaysia/
2020-04-01,0,2,2,5,22,8,11,19,9,1,3,3,32,25,0,0,142,https://kpkesihatan.com/2020/04/01/kenyataan-akhbar-kpk-1-april-2020-situasi-semasa-jangkitan-penyakit-coronavirus-2019-covid-19-di-malaysia/
2020-04-02,0,1,2,6,74,18,7,27,3,2,3,1,23,34,7,0,208,https://kpkesihatan.com/2020/04/02/kenyataan-akhbar-kpk-2-april-2020-situasi-semasa-jangkitan-penyakit-coronavirus-2019-covid-19-di-malaysia/
2020-04-03,0,1,0,5,63,4,3,21,13,18,0,5,28,55,1,0,217,https://kpkesihatan.com/2020/04/03/kenyataan-akhbar-kpk-3-april-2020-situasi-semasa-jangkitan-penyakit-coronavirus-2019-covid-19-di-malaysia/
2020-04-04,0,0,1,2,27,9,2,6,24,6,2,10,7,52,1,1,150,https://kpkesihatan.com/2020/04/04/kenyataan-akhbar-kpk-4-april-2020-situasi-semasa-jangkitan-penyakit-coronavirus-2019-covid-19-di-malaysia/
2020-04-05,1,1,2,6,53,11,14,16,7,10,2,13,15,27,1,0,179,https://kpkesihatan.com/2020/04/05/kenyataan-akhbar-kpk-5-april-2020-situasi-semasa-jangkitan-penyakit-coronavirus-2019-covid-19-di-malaysia/
2020-04-06,0,3,0,6,27,8,10,30,3,6,1,2,12,18,4,1,131,https://kpkesihatan.com/2020/04/06/kenyataan-akhbar-kpk-6-april-2020-situasi-semasa-jangkitan-penyakit-coronavirus-2019-covid-19-di-malaysia/
2020-04-07,4,5,1,14,50,22,4,10,5,0,5,1,15,31,2,1,170,https://kpkesihatan.com/2020/04/07/kenyataan-akhbar-kpk-7-april-2020-situasi-semasa-jangkitan-penyakit-coronavirus-2019-covid-19-di-malaysia/
2020-04-08,0,1,6,4,58,9,13,18,3,3,0,7,18,14,2,0,156,https://kpkesihatan.com/2020/04/08/kenyataan-akhbar-kpk-8-april-2020-situasi-semasa-jangkitan-penyakit-coronavirus-2019-covid-19-di-malaysia/
2020-04-09,0,2,0,4,40,11,3,7,14,5,1,0,6,14,2,0,109,https://kpkesihatan.com/2020/04/09/kenyataan-akhbar-kpk-9-april-2020-situasi-semasa-jangkitan-penyakit-coronavirus-2019-covid-19-di-malaysia/
2020-04-10,0,0,1,1,30,11,14,20,4,3,1,2,15,14,2,0,118,https://kpkesihatan.com/2020/04/10/kenyataan-akhbar-kpk-10-april-2020-situasi-semasa-jangkitan-penyakit-coronavirus-2019-covid-19-di-malaysia/
2020-04-11,0,0,5,1,35,17,8,21,27,1,2,10,7,46,2,2,184,https://kpkesihatan.com/2020/04/11/kenyataan-akhbar-kpk-11-april-2020-situasi-semasa-jangkitan-penyakit-coronavirus-2019-covid-19-di-malaysia/
2020-04-12,0,0,2,1,53,9,3,14,11,0,1,6,8,44,1,0,153,https://kpkesihatan.com/2020/04/12/kenyataan-akhbar-kpk-12-april-2020-situasi-semasa-jangkitan-penyakit-coronavirus-2019-covid-19-di-malaysia/
2020-04-13,0,0,0,3,13,42,0,21,0,4,2,14,6,27,2,0,134,https://kpkesihatan.com/2020/04/13/kenyataan-akhbar-kpk-13-april-2020-situasi-semasa-jangkitan-penyakit-coronavirus-2019-covid-19-di-malaysia/
2020-04-14,1,0,3,3,50,2,3,8,11,0,0,5,15,69,0,0,170,https://kpkesihatan.com/2020/04/14/kenyataan-akhbar-kpk-14-april-2020-situasi-semasa-jangkitan-penyakit-coronavirus-2019-covid-19-di-malaysia/
2020-04-15,0,1,0,0,17,1,0,14,17,0,0,0,8,27,0,0,85,https://kpkesihatan.com/2020/04/15/kenyataan-akhbar-kpk-15-april-2020-situasi-semasa-jangkitan-penyakit-coronavirus-2019-covid-19-di-malaysia/
2020-04-16,0,0,0,1,13,26,0,13,8,2,1,3,16,26,1,0,110,https://kpkesihatan.com/2020/04/16/kenyataan-akhbar-16-april-2020-situasi-semasa-jangkitan-penyakit-coronavirus-2019-covid-19-di-malaysia/
2020-04-17,0,0,0,1,9,13,1,9,1,0,0,5,10,19,0,1,69,https://kpkesihatan.com/2020/04/17/kenyataan-akhbar-kpk-17-april-2020-situasi-semasa-jangkitan-penyakit-coronavirus-2019-covid-19-di-malaysia/
2020-04-18,0,0,0,0,2,3,0,16,2,1,0,10,6,14,0,0,54,https://kpkesihatan.com/2020/04/18/kenyataan-akhbar-kpk-18-april-2020-situasi-semasa-jangkitan-penyakit-coronavirus-2019-covid-19-di-malaysia/
2020-04-19,0,0,0,0,3,0,37,3,5,0,0,3,5,19,9,0,84,https://kpkesihatan.com/2020/04/19/kenyataan-akhbar-kpk-19-april-2020-situasi-semasa-jangkitan-penyakit-coronavirus-2019-covid-19-di-malaysia/
2020-04-20,0,0,0,0,2,3,2,2,2,0,0,2,6,4,13,0,36,https://kpkesihatan.com/2020/04/20/kenyataan-akhbar-kpk-20-april-2020-situasi-semasa-jangkitan-penyakit-coronavirus-2019-covid-19-di-malaysia/
2020-04-21,0,0,0,0,11,1,1,1,8,0,0,0,22,13,0,0,57,https://kpkesihatan.com/2020/04/21/kenyataan-akhbar-kpk-21-april-2020-situasi-semasa-jangkitan-penyakit-coronavirus-2019-covid-19-di-malaysia/
2020-04-22,0,1,0,0,1,2,1,3,6,0,0,0,19,16,1,0,50,https://kpkesihatan.com/2020/04/22/kenyataan-akhbar-kpk-22-april-2020-situasi-semasa-jangkitan-penyakit-coronavirus-2019-covid-19-di-malaysia/
2020-04-23,0,0,0,0,12,20,0,3,1,1,0,1,4,29,0,0,71,https://kpkesihatan.com/2020/04/23/kenyataan-akhbar-kpk-23-april-2020-situasi-semasa-jangkitan-penyakit-coronavirus-2019-covid-19-di-malaysia/
2020-04-24,0,0,0,0,18 (2),2,3 (2),4 (3),1,0,0,2,9 (6),49,0,0,88 (13),https://kpkesihatan.com/2020/04/24/kenyataan-akhbar-kpk-24-april-2020-situasi-semasa-jangkitan-penyakit-coronavirus-2019-covid-19-di-malaysia/
2020-04-25,0,0,0,0,1,0,0,0,1,0,0,0,10 (1),39 (2),0,0,51 (3),https://kpkesihatan.com/2020/04/25/kenyataan-akhbar-kpk-25-april-2020-situasi-semasa-jangkitan-penyakit-coronavirus-2019-covid-19-di-malaysia/
2020-04-26,0,0,2,0,6 (1),1,1,4 (3),0,0,0,0,7,16,1 (1),0,38 (5),https://kpkesihatan.com/2020/04/26/kenyataan-akhbar-kpk-26-april-2020-situasi-semasa-jangkitan-penyakit-coronavirus-2019-covid-19-di-malaysia/
2020-04-27,0,0,0,1,4,1,0,0,0,0,0,1,3 (1),30 (4),0,0,40 (5),https://kpkesihatan.com/2020/04/27/kenyataan-akhbar-kpk-27-april-2020-situasi-semasa-jangkitan-penyakit-coronavirus-2019-covid-19-di-malaysia/
2020-04-28,0,0,0,0,5 (2),1,0,1 (1),0,0,0,1,8 (1),14 (5),1 (1),0,31 (10),https://kpkesihatan.com/2020/04/28/kenyataan-akhbar-kpk-28-april-2020-situasi-semasa-jangkitan-penyakit-coronavirus-2019-covid-19-di-malaysia/
2020-04-29,0,0,0,0,1,72 (72),0,0,5,0,0,2,6,8,0,0,94 (72),https://kpkesihatan.com/2020/04/29/kenyataan-akhbar-kpk-29-april-2020-situasi-semasa-jangkitan-penyakit-coronavirus-2019-covid-19-di-malaysia/
2020-04-30,0,0,0,0,27 (13),5,5 (2),3 (3),1,0,0,0,5,10 (7),1,0,57 (25),https://kpkesihatan.com/2020/04/30/kenyataan-akhbar-kpk-30-april-2020-situasi-semasa-jangkitan-penyakit-coronavirus-2019-covid-19-di-malaysia/
2020-05-01,0,0,0,0,24 (4),0,1 (1),3 (3),3,0,0,0,2,32,4 (4),0,69 (12),https://kpkesihatan.com/2020/05/01/kenyataan-akhbar-kpk-1-mei-2020-situasi-semasa-jangkitan-penyakit-coronavirus-2019-covid-19-di-malaysia/
2020-05-02,0,0,0,0,63 (2),8,2,1 (1),8,0,0,0,9,14 (8),0,0,105 (11),https://kpkesihatan.com/2020/05/02/kenyataan-akhbar-kpk-2-mei-2020-situasi-semasa-jangkitan-penyakit-coronavirus-2019-covid-19-di-malaysia/
2020-05-03,0,0,0,0,11,71 (50),3,0,0,0,0,1,5,30 (1),1 (1),0,122 (52),https://kpkesihatan.com/2020/05/03/kenyataan-akhbar-kpk-3-mei-2020-situasi-semasa-jangkitan-penyakit-coronavirus-2019-covid-19-di-malaysia/
2020-05-04,0,0,0,0,21 (4),6 (1),3 (2),0,0,0,0,0,0,25,0,0,55 (7),https://kpkesihatan.com/2020/05/04/kenyataan-akhbar-kpk-4-mei-2020-situasi-semasa-jangkitan-penyakit-coronavirus-2019-covid-19-di-malaysia/
2020-05-05,0,0,0,0,5,0,0,0,0,0,0,0,2,23,0,0,30,https://kpkesihatan.com/2020/05/05/kenyataan-akhbar-kpk-5-mei-2020-situasi-semasa-jangkitan-penyakit-coronavirus-2019-covid-19-di-malaysia/
2020-05-06,0,0,0,0,9,2,1,0,0,0,0,0,11,22 (1),0,0,45 (1),https://kpkesihatan.com/2020/05/06/kenyataan-akhbar-kpk-6-mei-2020-situasi-semasa-jangkitan-penyakit-coronavirus-2019-covid-19-di-malaysia/
2020-05-07,0,0,0,0,16,0,1 (1),0,0,0,0,1,1,20,0,0,39 (1),https://kpkesihatan.com/2020/05/07/kenyataan-akhbar-kpk-7-mei-2020-situasi-semasa-jangkitan-penyakit-coronavirus-2019-covid-19-di-malaysia/
2020-05-08,0,0,0,0,6 (1),53,0,0,1,0,0,0,1,6 (2),1 (1),0,68 (4),https://kpkesihatan.com/2020/05/08/kenyataan-akhbar-kpk-8-mei-2020-situasi-semasa-jangkitan-penyakit-coronavirus-2019-covid-19-di-malaysia/
2020-05-09,0,0,0,0,10,28,1,0,0,0,0,0,4,10,1 (1),0,54 (1),https://kpkesihatan.com/2020/05/09/kenyataan-akhbar-kpk-9-mei-2020-situasi-semasa-jangkitan-penyakit-coronavirus-2019-covid-19-di-malaysia/
2020-05-10,0,0,0,2,8,45,0,0,2,0,0,0,1,9,0,0,67,https://kpkesihatan.com/2020/05/10/kenyataan-akhbar-kpk-10-mei-2020-situasi-semasa-jangkitan-penyakit-coronavirus-2019-covid-19-di-malaysia/
2020-05-11,0,0,0,0,3,16 (8),1,0,4,0,0,10,0,35 (4),1 (1),0,70 (13),https://kpkesihatan.com/2020/05/11/kenyataan-akhbar-kpk-11-mei-2020-situasi-semasa-jangkitan-penyakit-coronavirus-2019-covid-19-di-malaysia/
2020-05-12,0,0,0,0,3 (1),0,0,0,0,0,0,1,0,12 (2),0,0,16 (3),https://kpkesihatan.com/2020/05/12/kenyataan-akhbar-kpk-12-mei-2020-situasi-semasa-jangkitan-penyakit-coronavirus-2019-covid-19-di-malaysia/
2020-05-13,0,0,0,0,2,22,2,0,3,0,0,2,1 (1),5 (3),0,0,37 (4),https://kpkesihatan.com/2020/05/13/kenyataan-akhbar-kpk-13-may-2020-situasi-semasa-jangkitan-penyakit-coronavirus-2019-covid-19-di-malaysia/
2020-05-14,0,0,0,0,1,11,1,1,8,0,0,0,0,18,0,0,40,https://kpkesihatan.com/2020/05/14/kenyataan-akhbar-kpk-14-mei-2020-situasi-semasa-jangkitan-penyakit-coronavirus-2019-covid-19-di-malaysia/
2020-05-15,0,0,0,0,14,1,1 (1),0,5,0,0,0,0,15,0,0,36 (1),https://kpkesihatan.com/2020/05/15/kenyataan-akhbar-kpk-15-mei-2020-situasi-semasa-jangkitan-penyakit-coronavirus-2019-covid-19-di-malaysia/
2020-05-16,0,0,0,0,1 (1),0,0,0,7 (4),0,0,1,0,7,1 (1),0,17 (6),https://kpkesihatan.com/2020/05/16/kenyataan-akhbar-kpk-16-mei-2020-situasi-semasa-jangkitan-penyakit-coronavirus-2019-covid-19-di-malaysia/
2020-05-17,0,0,0,0,8 (3),0,0,0,1,0,0,0,0,13 (2),0,0,22 (5),https://kpkesihatan.com/2020/05/17/kenyataan-akhbar-kpk-17-mei-2020-situasi-semasa-jangkitan-penyakit-coronavirus-2019-covid-19-di-malaysia/
2020-05-18,0,0,0,0,8,0,0,0,0,0,0,0,0,38 (20),1 (1),0,47 (21),https://kpkesihatan.com/2020/05/18/kenyataan-akhbar-kpk-18-mei-2020-situasi-semasa-jangkitan-penyakit-coronavirus-2019-covid-19-di-malaysia/
2020-05-19,0,0,0,0,6 (1),0,0,1 (1),2,0,0,6,0,22,0,0,37 (2),https://kpkesihatan.com/2020/05/19/kenyataan-akhbar-kpk-19-mei-2020-situasi-semasa-jangkitan-penyakit-coronavirus-2019-covid-19-di-malaysia/
2020-05-20,0,1,0,0,15 (5),0,0,0,0,1,1,1,0,10 (3),2 (2),0,31 (10),https://kpkesihatan.com/2020/05/20/kenyataan-akhbar-kpk-20-mei-2020-situasi-semasa-jangkitan-penyakit-coronavirus-2019-covid-19-di-malaysia/
2020-05-21,0,0,0,0,8,2 (1),0,0,1,0,0,0,0,39 (2),0,0,50 (3),https://kpkesihatan.com/2020/05/21/kenyataan-akhbar-kpk-21-mei-2020-situasi-semasa-jangkitan-penyakit-coronavirus-2019-covid-19-di-malaysia/
2020-05-22,0,0,0,0,20 (1),13 (13),1,0,2,0,0,2,1,39 (11),0,0,78 (25),https://kpkesihatan.com/2020/05/22/kenyataan-akhbar-kpk-22-mei-2020-situasi-semasa-jangkitan-penyakit-coronavirus-2019-covid-19-di-malaysia/
2020-05-23,0,0,0,0,37 (4),1,0,1,3,0,0,1,0,5,0,0,48 (4),https://kpkesihatan.com/2020/05/23/kenyataan-akhbar-kpk-23-mei-2020-situasi-semasa-jangkitan-penyakit-coronavirus-2019-covid-19-di-malaysia/
2020-05-24,0,0,0,0,46,0,0,1 (1),0,0,0,2,0,11 (6),0,0,60 (7),https://kpkesihatan.com/2020/05/24/kenyataan-akhbar-kpk-24-mei-2020-situasi-semasa-jangkitan-penyakit-coronavirus-2019-covid-19-di-malaysia/
2020-05-25,0,0,0,0,53 (3),0,0,0,0,0,0,0,4,115 (2),0,0,172 (5),https://kpkesihatan.com/2020/05/25/kenyataan-akhbar-kpk-25-mei-2020-situasi-semasa-jangkitan-penyakit-coronavirus-2019-covid-19-di-malaysia/
2020-05-26,0,0,0,0,9 (6),1,0,0,0,0,0,0,0,177 (4),0,0,187 (10),https://kpkesihatan.com/2020/05/26/kenyataan-akhbar-kpk-26-mei-2020-situasi-semasa-jangkitan-penyakit-coronavirus-2019-covid-19-di-malaysia/
2020-05-27,0,0,0,0,5 (3),0,0,0,0,0,0,1,3,6 (3),0,0,15 (6),https://kpkesihatan.com/2020/05/27/kenyataan-akhbar-kpk-27-mei-2020-situasi-semasa-jangkitan-penyakit-coronavirus-2019-covid-19-di-malaysia/
2020-05-28,0,0,0,0,2,0,0,0,1,0,0,0,0,7,0,0,10,https://kpkesihatan.com/2020/05/28/situasi-semasa-jangkitan-penyakit-coronavirus-2019-covid-19-di-malaysia/
2020-05-29,0,0,0,0,28 (4),59,0,3,1,0,0,2,0,10 (3),0,0,103 (7),https://kpkesihatan.com/2020/05/29/kenyataan-akhbar-kpk-29-mei-2020-situasi-semasa-jangkitan-penyakit-coronavirus-2019-covid-19-di-malaysia/
2020-05-30,0,0,0,1,5 (2),4 (1),2,1,0,0,0,0,0,13,4,0,30 (3),https://kpkesihatan.com/2020/05/30/kenyataan-akhbar-kpk-30-mei-2020-situasi-semasa-jangkitan-penyakit-coronavirus-2019-covid-19-di-malaysia/
2020-05-31,0,0,0,0,31 (3),2,1,0,15,0,0,0,0,8 (7),0,0,57 (10),https://kpkesihatan.com/2020/05/31/kenyataan-akhbar-kpk-31-mei-2020-situasi-semasa-jangkitan-penyakit-coronavirus-2019-covid-19-di-malaysia/
2020-06-01,0,0,0,0,11 (7),2,13 (13),0,0,0,0,1,0,11 (6),0,0,38 (26),https://kpkesihatan.com/2020/06/01/kenyataan-akhbar-kpk-1-jun-2020-situasi-semasa-jangkitan-penyakit-coronavirus-2019-covid-19-di-malaysia/
2020-06-02,0,0,0,0,6 (4),6 (5),1 (1),1 (1),0,0,0,1,0,5 (4),0,0,20 (15),https://kpkesihatan.com/2020/06/02/kenyataan-akhbar-kpk-2-jun-2020-situasi-semasa-jangkitan-penyakit-coronavirus-2019-covid-19-di-malaysia/
2020-06-03,0,0,0,0,2,36,0,0,0,0,0,0,0,55,0,0,93 (0),https://kpkesihatan.com/2020/06/03/kenyataan-akhbar-kpk-3-jun-2020-situasi-semasa-jangkitan-penyakit-coronavirus-2019-covid-19-di-malaysia/
2020-06-04,0,0,0,0,2 (1),3 (1),0,0,1,0,0,0,0,271,0,0,277 (2),https://kpkesihatan.com/2020/06/04/kenyataan-akhbar-kpk-4-jun-2020-situasi-semasa-jangkitan-penyakit-coronavirus-2019-covid-19-di-malaysia/
2020-06-05,0,0,0,0,9 (5),0,1,0,1,0,0,3,1,4 (2),0,0,19 (7),https://kpkesihatan.com/2020/06/05/kenyataan-akhbar-kpk-5-jun-2020-situasi-semasa-jangkitan-penyakit-coronavirus-2019-covid-19-di-malaysia/
2020-06-06,0,0,0,0,14 (1),5,0,0,0,0,0,0,2,15 (7),0,1,37 (8),https://kpkesihatan.com/2020/06/06/kenyataan-akhbar-kpk-6-jun-2020-situasi-semasa-jangkitan-penyakit-coronavirus-2019-covid-19-di-malaysia/
2020-06-07,0,0,0,0,12 (5),1,0,0,0,0,0,2,0,4 (1),0,0,19 (6),https://kpkesihatan.com/2020/06/07/kenyataan-akhbar-kpk-7-jun-2020-situasi-semasa-jangkitan-penyakit-coronavirus-2019-covid-19-di-malaysia/
2020-06-08,0,0,0,0,3 (1),0,1 (1),0,0,0,0,2,0,1,0,0,7 (2),https://kpkesihatan.com/2020/06/08/kenyataan-akhbar-kpk-8-jun-2020-situasi-semasa-jangkitan-penyakit-coronavirus-2019-covid-19-di-malaysia/
2020-06-09,0,0,0,0,3 (3),0,0,0,0,0,0,0,0,4 (3),0,0,7 (6),https://kpkesihatan.com/2020/06/09/kenyataan-akhbar-kpk-9-jun-2020-situasi-semasa-jangkitan-penyakit-coronavirus-2019-covid-19-di-malaysia/
2020-06-10,0,0,0,0,0,0,0,1 (1),0,0,0,0,1,0,0,0,2 (1),https://kpkesihatan.com/2020/06/10/kenyataan-akhbar-kpk-10-jun-2020-situasi-semasa-jangkitan-penyakit-coronavirus-2019-covid-19-di-malaysia/
2020-06-11,0,0,0,0,3,16,11 (11),0,0,0,0,0,0,1,0,0,31 (11),https://kpkesihatan.com/2020/06/11/kenyataan-akhbar-kpk-11-jun-2020-situasi-semasa-jangkitan-penyakit-coronavirus-2019-covid-19-di-malaysia/
2020-06-12,0,0,0,0,13 (6),4,4 (4),1 (1),0,0,0,1,0,10 (5),0,0,33 (16),https://kpkesihatan.com/2020/06/12/kenyataan-akhbar-kpk-12-jun-2020-situasi-semasa-jangkitan-penyakit-coronavirus-2019-covid-19-di-malaysia/
2020-06-13,0,0,0,1,7 (3),26,2,2 (2),2,0,0,2,0,1,0,0,43 (5),https://kpkesihatan.com/2020/06/13/kenyataan-akhbar-kpk-13-jun-2020-situasi-semasa-jangkitan-penyakit-coronavirus-2019-covid-19-di-malaysia/
2020-06-14,0,0,0,0,2 (2),0,1,0,0,0,0,0,1,4,0,0,8 (2),https://kpkesihatan.com/2020/06/14/kenyataan-akhbar-kpk-14-jun-2020-situasi-semasa-jangkitan-penyakit-coronavirus-2019-covid-19-di-malaysia/
2020-06-15,0,0,0,0,2,32,2,3 (3),0,0,0,1,0,1,0,0,41 (3),https://kpkesihatan.com/2020/06/15/kenyataan-akhbar-kpk-15-jun-2020-situasi-semasa-jangkitan-penyakit-coronavirus-2019-covid-19-di-malaysia/
2020-06-16,0,0,0,0,1,4,0,1 (1),0,0,0,0,3,2,0,0,11 (1),https://kpkesihatan.com/2020/06/16/kenyataan-akhbar-kpk-16-jun-2020-situasi-semasa-jangkitan-penyakit-coronavirus-2019-covid-19-di-malaysia/
2020-06-17,0,0,0,0,5,1,0,0,0,0,0,2,1,1,0,0,10 (0),https://kpkesihatan.com/2020/06/17/kenyataan-akhbar-kpk-17-jun-2020-situasi-semasa-jangkitan-penyakit-coronavirus-2019-covid-19-di-malaysia/
2020-06-18,0,0,0,1,2 (1),0,0,2 (2),0,0,0,1,4,4,0,0,14 (3),https://kpkesihatan.com/2020/06/18/kenyataan-akhbar-kpk-situasi-semasa-jangkitan-penyakit-coronavirus-2019-covid-19-di-malaysia/
2020-06-19,0,0,0,0,3 (2),1,0,0,0,0,0,0,1,1,0,0,6 (2),https://kpkesihatan.com/2020/06/19/kenyataan-akhbar-kpk-19-jun-2020-situasi-semasa-jangkitan-penyakit-coronavirus-2019-covid-19-di-malaysia/
2020-06-20,0,0,0,0,12 (2),1,0,0,0,0,0,1,0,7,0,0,21 (2),https://kpkesihatan.com/2020/06/20/kenyataan-akhbar-kpk-20-jun-2020-situasi-semasa-jangkitan-penyakit-coronavirus-2019-covid-19-di-malaysia/
2020-06-21,0,0,0,0,4 (2),6,1,1,0,0,0,1,3 (1),0,0,0,16 (3),https://kpkesihatan.com/2020/06/21/kenyataan-akhbar-kpk-21-jun-2020-situasi-semasa-jangkitan-penyakit-coronavirus-2019-covid-19-di-malaysia/
2020-06-22,0,0,0,0,2 (1),12,0,1 (1),0,0,0,0,0,0,0,0,15 (2),https://kpkesihatan.com/2020/06/22/kenyataan-akhbar-kpk-22-jun-2020-situasi-semasa-jangkitan-penyakit-coronavirus-2019-covid-19-di-malaysia/
2020-06-23,0,0,0,0,0,1,0,0,0,0,0,2,0,0,0,0,3 (0),https://kpkesihatan.com/2020/06/23/kenyataan-akhbar-kpk-23-jun-2020-situasi-semasa-jangkitan-penyakit-coronavirus-2019-covid-19-di-malaysia/
2020-06-24,0,0,0,0,5 (2),0,0,0,0,0,0,0,1,0,0,0,6 (2),https://kpkesihatan.com/2020/06/24/kenyataan-akhbar-kpk-24-jun-2020-situasi-semasa-jangkitan-penyakit-coronavirus-2019-covid-19-di-malaysia/
2020-06-25,0,0,0,0,2 (2),0,0,1,0,0,1 (1),0,0,0,0,0,4 (3),https://kpkesihatan.com/2020/06/25/kenyataan-akhbar-kpk-25-jun-2020-situasi-semasa-jangkitan-penyakit-coronavirus-2019-covid-19-di-malaysia/
2020-06-26,0,1 (1),0,0,2 (2),0,0,2 (2),0,0,0,0,0,1,0,0,6 (5),https://kpkesihatan.com/2020/06/26/kenyataan-akhbar-kpk-26-jun-2020-situasi-semasa-jangkitan-penyakit-coronavirus-2019-covid-19-di-malaysia/
2020-06-27,0,0,0,0,3 (2),1,0,0,0,0,0,2 (1),0,4 (1),0,0,10 (4),https://kpkesihatan.com/2020/06/27/kenyataan-akhbar-kpk-27-jun-2020-situasi-semasa-jangkitan-penyakit-coronavirus-2019-covid-19-di-malaysia/
2020-06-28,0,0,0,0,5 (3),9,0,0,0,0,0,2,1 (1),1,0,0,18 (4),https://kpkesihatan.com/2020/06/28/kenyataan-akhbar-kpk-28-jun-2020-situasi-semasa-jangkitan-penyakit-coronavirus-2019-covid-19-di-malaysia/
2020-06-29,0,0,0,0,2 (1),0,0,0,0,0,0,1,0,0,0,0,3 (1),https://kpkesihatan.com/2020/06/29/kenyataan-akhbar-kpk-29-jun-2020-situasi-semasa-jangkitan-penyakit-coronavirus-2019-covid-19-di-malaysia/
2020-06-30,0,0,0,0,1 (1),0,0,0,0,0,0,1,0,0,0,0,2 (1),https://kpkesihatan.com/2020/06/30/kenyataan-akhbar-kpk-30-jun-2020-situasi-semasa-jangkitan-penyakit-coronavirus-2019-covid-19-di-malaysia/
2020-07-01,0,0,0,0,1 (1),0,0,0,0,0,0,0,0,0,0,0,1 (1),https://kpkesihatan.com/2020/07/01/kenyataan-akhbar-kpk-1-julai-2020-situasi-semasa-jangkitan-penyakit-coronavirus-2019-covid-19-di-malaysia/
2020-07-02,0,0,0,0,0,0,0,1 (1),0,0,0,1,0,1,0,0,3 (1),https://kpkesihatan.com/2020/07/02/kenyataan-akhbar-kpk-2-julai-2020-situasi-semasa-jangkitan-penyakit-coronavirus-2019-covid-19-di-malaysia/
2020-07-03,0,0,0,0,3 (3),0,0,0,0,0,0,2,0,0,0,0,5 (3),https://kpkesihatan.com/2020/07/03/kenyataan-akhbar-kpk-3-julai-2020-situasi-semasa-jangkitan-penyakit-coronavirus-2019-covid-19-di-malaysia/
2020-07-04,0,0,0,0,7 (7),1,0,0,0,0,0,1,0,1,0,0,10 (7),https://kpkesihatan.com/2020/07/04/kenyataan-akhbar-kpk-4-julai-2020-situasi-semasa-jangkitan-penyakit-coronavirus-2019-covid-19-di-malaysia/
2020-07-05,0,0,0,0,2 (2),1,0,0,0,0,0,2 (1),0,0,0,0,5 (3),https://kpkesihatan.com/2020/07/05/kenyataan-akhbar-kpk-5-julai-2020-situasi-semasa-jangkitan-penyakit-coronavirus-2019-covid-19-di-malaysia/
2020-07-06,0,0,0,0,2 (1),0,0,1 (1),0,0,0,0,1 (1),1,0,0,5 (3),https://kpkesihatan.com/2020/07/06/kenyataan-akhbar-kpk-6-julai-2020-situasi-semasa-jangkitan-penyakit-coronavirus-2019-covid-19-di-malaysia/
2020-07-07,0,0,0,0,3 (2),0,0,1 (1),0,0,0,0,0,2 (1),0,0,6 (4),https://kpkesihatan.com/2020/07/07/kenyataan-akhbar-kpk-7-julai-2020-situasi-semasa-jangkitan-penyakit-coronavirus-2019-covid-19-di-malaysia/
2020-07-08,0,0,0,0,1 (1),0,0,0,0,0,0,0,1 (1),1 (1),0,0,3 (3),https://kpkesihatan.com/2020/07/08/kenyataan-akhbar-kpk-8-julai-2020-situasi-semasa-jangkitan-penyakit-coronavirus-2019-covid-19-di-malaysia/
2020-07-09,0,0,0,0,4 (4),0,0,2 (2),0,0,0,0,0,0,0,0,6 (6),https://kpkesihatan.com/2020/07/09/kenyataan-akhbar-kpk-9-julai-2020-situasi-semasa-jangkitan-penyakit-coronavirus-2019-covid-19-di-malaysia/
2020-07-10,0,1 (1),0,0,6 (6),0,0,1 (1),0,0,0,0,2,3,0,0,13 (8),https://kpkesihatan.com/2020/07/10/kenyataan-akhbar-kpk-10-julai-2020-situasi-semasa-jangkitan-penyakit-coronavirus-2019-covid-19-di-malaysia/
2020-07-11,0,0,0,0,3 (1),0,0,2 (2),0,0,0,1,2 (1),0,0,0,8 (4),https://kpkesihatan.com/2020/07/11/kenyataan-akhbar-kpk-11-julai-2020-situasi-semasa-jangkitan-penyakit-coronavirus-2019-covid-19-di-malaysia/
2020-07-12,0,0,0,0,9 (1),0,1 (1),0,0,0,0,1,2,0,1 (1),0,14 (3),https://kpkesihatan.com/2020/07/12/kenyataan-akhbar-kpk-12-julai-2020-situasi-semasa-jangkitan-penyakit-coronavirus-2019-covid-19-di-malaysia/
2020-07-13,0,1 (1),0,0,4 (4),0,1,0,0,0,0,0,1 (1),0,0,0,7 (6),https://kpkesihatan.com/2020/07/13/kenyataan-akhbar-kpk-13-julai-2020-situasi-semasa-jangkitan-penyakit-coronavirus-2019-covid-19-di-malaysia/
2020-07-14,0,0,0,0,1 (1),0,0,2 (2),0,0,0,0,0,1 (1),0,0,4 (4),https://kpkesihatan.com/2020/07/14/kenyataan-akhbar-kpk-14-julai-2020-situasi-semasa-jangkitan-penyakit-coronavirus-2019-covid-19-di-malaysia/
2020-07-15,0,0,0,0,1,0,0,0,0,0,0,0,3,1 (1),0,0,5 (1),https://kpkesihatan.com/2020/07/15/kenyataan-akhbar-kpk-15-julai-2020-situasi-semasa-jangkitan-penyakit-coronavirus-2019-covid-19-di-malaysia/
2020-07-16,0,0,0,0,0,0,0,0,0,1 (1),0,0,1,1,0,0,3 (1),https://kpkesihatan.com/2020/07/16/kenyataan-akhbar-kkm-16-julai-2020-situasi-semasa-jangkitan-penyakit-coronavirus-2019-covid-19-di-malaysia/
2020-07-17,0,0,0,0,4 (3),0,0,0,0,2,0,1 (1),10 (6),1,0,0,18Â (10),https://kpkesihatan.com/2020/07/17/kenyataan-akhbar-kpk-17-julai-2020-situasi-semasa-jangkitan-penyakit-coronavirus-2019-covid-19-di-malaysia/
2020-07-18,0,0,0,0,1 (1),0,0,0,0,0,1 (1),0,7 (2),0,0,0,9 (4),https://kpkesihatan.com/2020/07/18/kenyataan-akhbar-kpk-18-julai-2020-situasi-semasa-jangkitan-penyakit-coronavirus-2019-covid-19-di-malaysia/
2020-07-19,0,0,0,2 (2),4 (2),0,0,1,0,0,0,1,6,1,0,0,15 (4),https://kpkesihatan.com/2020/07/19/kenyataan-akhbar-kpk-19-julai-2020-situasi-semasa-jangkitan-penyakit-coronavirus-2019-covid-19-di-malaysia/
2020-07-20,0,1 (1),0,0,4 (4),1,0,14,0,0,0,0,1 (1),0,0,0,21 (6),https://kpkesihatan.com/2020/07/20/kenyataan-akhbar-kpk-20-julai-2020-situasi-semasa-jangkitan-penyakit-coronavirus-2019-covid-19-di-malaysia/
2020-07-21,0,0,0,0,2 (1),0,0,0,0,0,0,1,11 (2),1 (1),0,0,15 (4),https://kpkesihatan.com/2020/07/21/kenyataan-akhbar-kpk-21-julai-2020-situasi-semasa-jangkitan-penyakit-coronavirus-2019-covid-19-di-malaysia/
2020-07-22,0,0,0,1 (1),3 (3),0,0,1 (1),0,0,0,0,9 (2),2 (1),0,0,16 (8),https://kpkesihatan.com/2020/07/22/kenyataan-akhbar-kpk-22-julai-2020-situasi-semasa-jangkitan-penyakit-coronavirus-2019-covid-19-di-malaysia/
2020-07-23,0,0,0,0,0,0,0,1 (1),1 (1),0,1,1,4,1 (1),0,0,9 (3),https://kpkesihatan.com/2020/07/23/kenyataan-akhbar-kpk-23-julai-2020-situasi-semasa-jangkitan-penyakit-coronavirus-2019-covid-19-di-malaysia/
2020-07-24,0,0,0,1 (1),3 (2),0,0,2,3,0,0,0,9 (1),3 (1),0,0,21 (5),https://kpkesihatan.com/2020/07/24/kenyataan-akhbar-kpk-24-julai-2020-situasi-semasa-jangkitan-penyakit-coronavirus-2019-covid-19-di-malaysia/
2020-07-25,0,0,0,0,3 (1),0,0,10 (4),0,0,0,0,8,1,0,1 (1),23 (6),https://kpkesihatan.com/2020/07/25/kenyataan-akhbar-kpk-25-julai-2020-situasi-semasa-jangkitan-penyakit-coronavirus-2019-covid-19-di-malaysia/
2020-07-26,0,0,0,0,0,0,0,7,1,0,1 (1),1,1,2 (2),0,0,13 (3),https://kpkesihatan.com/2020/07/26/kenyataan-akhbar-kementerian-kesihatan-malaysia-situasi-semasa-jangkitan-penyakit-coronavirus-2019-covid-19-di-malaysia/
2020-07-27,0,0,0,0,1 (1),0,0,0,0,0,0,4 (1),0,2 (2),0,0,7 (4),https://kpkesihatan.com/2020/07/27/kenyataan-akhbar-kpk-27-julai-2020-situasi-semasa-jangkitan-penyakit-coronavirus-2019-covid-19-di-malaysia/
2020-07-28,0,6 (1),0,0,0,0,0,0,0,0,0,3 (1),25 (4),4 (4),0,1 (1),39 (11),https://kpkesihatan.com/2020/07/28/kenyataan-akhbar-kpk-28-julai-2020-situasi-semasa-jangkitan-penyakit-coronavirus-2019-covid-19-di-malaysia/
2020-07-29,1,0,0,0,2 (2),0,0,1,0,0,0,1,2,6 (6),0,0,13 (8),https://kpkesihatan.com/2020/07/29/kenyataan-akhbar-kpk-29-julai-2020-situasi-semasa-jangkitan-penyakit-coronavirus-2019-covid-19-di-malaysia/
2020-07-30,0,1 (1),0,0,1 (1),0,0,1,0,0,0,4 (1),0,1,0,0,8 (3),https://kpkesihatan.com/2020/07/30/kenyataan-akhbar-kpk-30-julai-2020-situasi-semasa-jangkitan-penyakit-coronavirus-2019-covid-19-di-malaysia/
2020-07-31,0,2,0,0,1,1,0,3 (1),0,0,0,1,1 (1),3 (3),0,0,12 (5),https://kpkesihatan.com/2020/07/31/kenyataan-akhbar-kpk-31-julai-2020-situasi-semasa-jangkitan-penyakit-coronavirus-2019-covid-19-di-malaysia/
2020-08-01,0,1,0,2 (2),6 (5),0,0,0,0,0,0,0,0,0,0,0,9 (7),https://kpkesihatan.com/2020/08/01/kenyataan-akhbar-kpk-1-ogos-2020-situasi-semasa-jangkitan-penyakit-coronavirus-2019-covid-19-di-malaysia/
2020-08-02,0,11,0,0,1 (1),0,0,0,0,0,0,2,0,0,0,0,14 (1),https://kpkesihatan.com/2020/08/02/kenyataan-akhbar-kpk-2-ogos-2020-situasi-semasa-jangkitan-penyakit-coronavirus-2019-covid-19-di-malaysia/
2020-08-03,0,1,0,0,0,0,0,0,0,0,0,0,0,0,0,1,2,https://kpkesihatan.com/2020/08/03/kenyataan-akhbar-kpk-3-ogos-2020-situasi-semasa-jangkitan-penyakit-coronavirus-2019-covid-19-di-malaysia/
2020-08-04,1,0,0,0,0,0,0,0,0,0,0,0,0,0,0,0,1 (0),https://kpkesihatan.com/2020/08/04/kenyataan-akhbar-kpk-4-ogos-2020-situasi-semasa-jangkitan-penyakit-coronavirus-2019-covid-19-di-malaysia/
2020-08-05,0,3,0,0,0,0,0,1,0,0,0,2,0,15 (15),0,0,21 (15),https://kpkesihatan.com/2020/08/05/kenyataan-akhbar-kpk-5-ogos-2020-situasi-semasa-jangkitan-penyakit-coronavirus-2019-covid-19-di-malaysia/
2020-08-06,0,6,0,0,0,2,0,0,0,0,0,4 (4),0,2 (1),0,1,15 (5),https://kpkesihatan.com/2020/08/06/kenyataan-akhbar-kpk-6-ogos-2020-situasi-semasa-jangkitan-penyakit-coronavirus-2019-covid-19-di-malaysia/
2020-08-07,10,1,1,2,2 (2),0,0,1,0,0,0,4 (4),1 (1),3 (2),0,0,25 (9),https://kpkesihatan.com/2020/08/07/kenyataan-akhbar-kpk-7-ogos-2020-situasi-semasa-jangkitan-penyakit-coronavirus-2019-covid-19-di-malaysia/
2020-08-08,0,0,0,0,1 (1),1,0,0,0,0,0,0,1 (1),3 (3),0,1 (1),7 (6),https://kpkesihatan.com/2020/08/08/kenyataan-akhbar-kpk-8-ogos-2020-situasi-semasa-jangkitan-penyakit-coronavirus-2019-covid-19-di-malaysia/
2020-08-09,0,0,3,0,1 (1),0,0,0,0,0,0,0,1 (1),7 (7),1,0,13 (9),https://kpkesihatan.com/2020/08/09/kenyataan-akhbar-kpk-9-ogos-2020-situasi-semasa-jangkitan-penyakit-coronavirus-2019-covid-19-di-malaysia/
2020-08-10,0,0,0,3,4 (3),0,1,2 (1),0,0,0,0,0,1 (1),0,0,11 (5),https://kpkesihatan.com/2020/08/10/kenyataan-akhbar-kpk-10-ogos-2020-situasi-semasa-jangkitan-penyakit-coronavirus-2019-covid-19-di-malaysia/
2020-08-11,0,0,0,0,1 (1),0,0,1 (1),0,0,0,1,0,6 (3),0,0,9 (5),https://kpkesihatan.com/2020/08/11/kenyataan-akhbar-kpk-11-ogos-2020-situasi-semasa-jangkitan-penyakit-coronavirus-2019-covid-19-di-malaysia/
2020-08-12,0,2,0,0,0,0,0,2 (2),0,0,0,4 (3),0,3 (3),0,0,11 (8),https://kpkesihatan.com/2020/08/12/kenyataan-akhbar-kpk-12-ogos-2020-situasi-semasa-jangkitan-penyakit-coronavirus-2019-covid-19-di-malaysia/
2020-08-13,0,9,0,0,3 (3),0,0,0,0,0,0,0,0,3 (1),0,0,15 (4),https://kpkesihatan.com/2020/08/13/kenyataan-akhbar-kpk-13-ogos-2020-situasi-semasa-jangkitan-penyakit-coronavirus-2019-covid-19-di-malaysia/
2020-08-14,0,12,1,0,2 (2),0,0,0,0,0,0,0,1 (1),4 (4),0,0,20 (7),https://kpkesihatan.com/2020/08/14/kenyataan-akhbar-kpk-14-ogos-2020-situasi-semasa-jangkitan-penyakit-coronavirus-2019-covid-19-di-malaysia/
2020-08-15,1,14,2,0,0,2,0,1,0,0,0,0,0,6 (3),0,0,26 (3),https://kpkesihatan.com/2020/08/15/kenyataan-akhbar-kpk-15-ogos-2020-situasi-semasa-jangkitan-penyakit-coronavirus-2019-covid-19-di-malaysia/
2020-08-16,0,5,1,0,5 (5),0,0,0,0,0,0,1,0,13 (11),0,0,25 (16),https://kpkesihatan.com/2020/08/16/kenyataan-akhbar-kpk-16-ogos-2020-situasi-semasa-jangkitan-penyakit-coronavirus-2019-covid-19-di-malaysia/
2020-08-17,0,6,3,0,1,0,0,0,0,0,0,0,0,2 (2),0,0,12 (2),https://kpkesihatan.com/2020/08/17/kenyataan-akhbar-kpk-17-ogos-2020-situasi-semasa-jangkitan-penyakit-coronavirus-2019-covid-19-di-malaysia/
2020-08-18,0,3,0,0,0,0,0,0,0,0,0,0,0,4 (4),0,0,7 (4),https://kpkesihatan.com/2020/08/18/kenyataan-akhbar-kpk-18-ogos-2020-situasi-semasa-jangkitan-penyakit-coronavirus-2019-covid-19-di-malaysia/
2020-08-19,0,7,4,0,0,0,0,1,0,0,0,0,0,3 (3),0,1 (1),16 (4),https://kpkesihatan.com/2020/08/19/kenyataan-akhbar-kpk-19-ogos-2020-situasi-semasa-jangkitan-penyakit-coronavirus-2019-covid-19-di-malaysia/
2020-08-20,0,0,0,0,1 (1),0,0,0,0,0,0,0,4 (4),0,0,0,5 (5),https://kpkesihatan.com/2020/08/20/kenyataan-akhbar-kpk-20-ogos-2020-situasi-semasa-jangkitan-penyakit-coronavirus-2019-covid-19-di-malaysia/
2020-08-21,0,3,0,0,2 (2),0,0,0,0,0,0,0,1,3 (2),0,0,9 (4),https://kpkesihatan.com/2020/08/21/kenyataan-akhbar-kpk-21-ogos-2020-situasi-semasa-jangkitan-penyakit-coronavirus-2019-covid-19-di-malaysia/
2020-08-22,0,5,0,0,0,0,0,0,0,0,0,1 (1),1 (1),1 (1),0,0,8 (3),https://kpkesihatan.com/2020/08/22/kenyataan-akhbar-kpk-22-ogos-2020-situasi-semasa-jangkitan-penyakit-coronavirus-2019-covid-19-di-malaysia/
2020-08-23,0,2,0,0,2 (2),0,0,0,0,0,0,0,3 (3),3 (3),0,0,10 (8),https://kpkesihatan.com/2020/08/23/kenyataan-akhbar-kpk-23-ogos-2020-situasi-semasa-jangkitan-penyakit-coronavirus-2019-covid-19-di-malaysia/
2020-08-24,0,0,0,0,0,0,0,0,0,0,0,0,5,2 (2),0,0,7 (2),https://kpkesihatan.com/2020/08/24/kenyataan-akhbar-kpk-24-ogos-2020-situasi-semasa-jangkitan-penyakit-coronavirus-2019-covid-19-di-malaysia/
2020-08-25,1,7,0,0,3 (2),0,0,0,0,0,0,0,0,0,0,0,11 (2),https://kpkesihatan.com/2020/08/25/kenyataan-akhbar-kpk-25-ogos-2020-situasi-semasa-jangkitan-penyakit-coronavirus-2019-covid-19-di-malaysia/
2020-08-26,0,5,0,0,1 (1),0,0,0,0,0,0,0,0,0,0,0,6 (1),https://kpkesihatan.com/2020/08/26/kenyataan-akhbar-kpk-26-ogos-2020-situasi-semasa-jangkitan-penyakit-coronavirus-2019-covid-19-di-malaysia/
2020-08-27,0,0,0,0,2 (2),0,3,0,0,0,0,0,0,0,0,0,5 (2),https://kpkesihatan.com/2020/08/27/kenyataan-akhbar-kpk-27-ogos-2020-situasi-semasa-jangkitan-penyakit-coronavirus-2019-covid-19-di-malaysia/
2020-08-28,0,1,0,0,3 (2),0,0,0,0,0,0,0,1 (1),5 (5),0,0,10 (8),https://kpkesihatan.com/2020/08/28/kenyataan-akhbar-kpk-28-ogos-2020-situasi-semasa-jangkitan-penyakit-coronavirus-2019-covid-19-di-malaysia/
2020-08-29,0,0,0,0,2 (2),0,0,0,0,0,0,0,1,8 (8),0,0,11 (10),https://kpkesihatan.com/2020/08/29/kenyataan-akhbar-kpk-29-ogos-2020-situasi-semasa-jangkitan-penyakit-coronavirus-2019-covid-19-di-malaysia/
2020-08-30,0,1,0,0,1,0,0,0,0,0,0,0,1 (1),14 (14),0,0,17 (15),https://kpkesihatan.com/2020/08/30/kenyataan-akhbar-kpk-30-ogos-2020-situasi-semasa-jangkitan-penyakit-coronavirus-2019-covid-19-di-malaysia/
2020-08-31,0,2,0,0,4 (4),0,0,0,0,0,0,0,0,0,0,0,6 (4),https://kpkesihatan.com/2020/08/31/kenyataan-akhbar-kpk-31-ogos-2020-situasi-semasa-jangkitan-penyakit-coronavirus-2019-covid-19-di-malaysia/
2020-09-01,0,2,0,0,3 (3),0,0,0,0,0,0,9 (2),0,0,0,0,14 (5),https://kpkesihatan.com/2020/09/01/kenyataan-akhbar-kpk-1-september-2020-situasi-semasa-jangkitan-penyakit-coronavirus-2019-covid-19-di-malaysia/
2020-09-02,0,0,0,0,1,0,0,0,1,0,0,0,0,4 (4),0,0,6 (4),https://kpkesihatan.com/2020/09/02/kenyataan-akhbar-kpk-2-september-2020-situasi-semasa-jangkitan-penyakit-coronavirus-2019-covid-19-di-malaysia/
2020-09-03,0,4,0,0,0,2 (2),0,1 (1),0,0,0,6,0,1 (1),0,0,14 (4),https://kpkesihatan.com/2020/09/03/kenyataan-akhbar-kpk-3-september-2020-situasi-semasa-jangkitan-penyakit-coronavirus-2019-covid-19-di-malaysia/
2020-09-04,0,1,0,0,2,1,0,0,0,0,0,0,0,7 (7),0,0,11 (7),https://kpkesihatan.com/2020/09/04/kenyataan-akhbar-kpk-4-september-2020-situasi-semasa-jangkitan-penyakit-coronavirus-2019-covid-19-di-malaysia/
2020-09-05,0,1,0,0,0,0,0,0,0,0,0,1,0,4 (4),0,0,6 (4),https://kpkesihatan.com/2020/09/05/kenyataan-akhbar-kpk-5-september-2020-situasi-semasa-jangkitan-penyakit-coronavirus-2019-covid-19-di-malaysia/
2020-09-06,0,0,1,0,0,0,0,0,0,0,0,2,0,3 (3),0,0,6 (3),https://kpkesihatan.com/2020/09/06/kenyataan-akhbar-kpk-6-september-2020-situasi-semasa-jangkitan-penyakit-coronavirus-2019-covid-19-di-malaysia/
2020-09-07,0,4,1,0,2 (2),0,0,0,0,0,0,51,0,4 (4),0,0,62 (6),https://kpkesihatan.com/2020/09/07/kenyataan-akhbar-kpk-7-september-2020-situasi-semasa-jangkitan-penyakit-coronavirus-2019-covid-19-di-malaysia/
2020-09-08,1,22,0,0,9 (9),1 (1),0,0,0,0,0,62,0,5 (5),0,0,100 (15),https://kpkesihatan.com/2020/09/08/kenyataan-akhbar-kpk-8-september-2020-situasi-semasa-jangkitan-penyakit-coronavirus-2019-covid-19-di-malaysia/
2020-09-09,0,16,0,0,1 (1),1 (1),0,0,0,0,0,4 (2),1 (1),1 (1),0,0,24 (6),https://kpkesihatan.com/2020/09/09/kenyataan-akhbar-kpk-9-september-2020-situasi-semasa-jangkitan-penyakit-coronavirus-2019-covid-19-di-malaysia/
2020-09-10,0,4,0,0,1 (1),0,0,0,0,0,0,40,0,0,0,0,45 (1),https://kpkesihatan.com/2020/09/10/kenyataan-akhbar-kpk-10-september-2020-situasi-semasa-jangkitan-penyakit-coronavirus-2019-covid-19-di-malaysia/
2020-09-11,0,14,0,0,1 (1),0,0,0,0,0,0,167,0,0,0,0,182 (1),https://kpkesihatan.com/2020/09/11/kenyataan-akhbar-kpk-11-september-2020-situasi-semasa-jangkitan-penyakit-coronavirus-2019-covid-19-di-malaysia/
2020-09-12,0,5,0,0,2 (2),0,0,0,0,0,0,49 (1),0,2 (2),0,0,58 (5),https://kpkesihatan.com/2020/09/12/kenyataan-akhbar-kpk-12-september-2020-situasi-semasa-jangkitan-penyakit-coronavirus-2019-covid-19-di-malaysia/
2020-09-13,0,14,0,0,1 (1),0,0,0,0,0,0,31,0,1 (1),0,0,47 (2),https://kpkesihatan.com/2020/09/13/kenyataan-akhbar-kpk-13-september-2020-situasi-semasa-jangkitan-penyakit-coronavirus-2019-covid-19-di-malaysia/
2020-09-14,0,1,0,0,0,4,0,0,0,0,0,25 (2),0,1 (1),0,0,31 (3),https://kpkesihatan.com/2020/09/14/kenyataan-akhbar-kpk-14-september-2020-situasi-semasa-jangkitan-penyakit-coronavirus-2019-covid-19-di-malaysia/
2020-09-15,0,0,0,0,5 (5),0,0,0,0,0,0,13,0,5 (5),0,0,23 (10),https://kpkesihatan.com/2020/09/15/kenyataan-akhbar-kpk-15-september-2020-situasi-semasa-jangkitan-penyakit-coronavirus-2019-covid-19-di-malaysia/
2020-09-16,0,1,1,0,0,0,0,0,0,0,0,60 (1),0,0,0,0,62 (1),https://kpkesihatan.com/2020/09/16/kenyataan-akhbar-kpk-16-september-2020-situasi-semasa-jangkitan-penyakit-coronavirus-2019-covid-19-di-malaysia/
2020-09-17,0,7,2,0,3 (2),0,0,0,0,0,0,8 (3),1,0,0,0,21 (5),https://kpkesihatan.com/2020/09/17/kenyataan-akhbar-kpk-17-september-2020-situasi-semasa-jangkitan-penyakit-coronavirus-2019-covid-19-di-malaysia/
2020-09-18,0,0,0,0,3 (3),1,0,0,0,0,0,91 (1),0,0,0,0,95 (4),https://kpkesihatan.com/2020/09/18/kenyataan-akhbar-kpk-18-september-2020-situasi-semasa-jangkitan-penyakit-coronavirus-2019-covid-19-di-malaysia/
2020-09-19,0,9,0,0,1 (1),0,0,0,0,0,0,8,0,2 (2),0,0,20 (3),https://kpkesihatan.com/2020/09/19/kenyataan-akhbar-kpk-19-september-2020-situasi-semasa-jangkitan-penyakit-coronavirus-2019-covid-19-di-malaysia/
2020-09-20,0,3,1,0,4(4),0,0,0,0,0,0,36,0,6 (6),0,2 (2),52 (12),https://kpkesihatan.com/2020/09/20/kenyataan-akhbar-kpk-20-september-2020-situasi-semasa-jangkitan-penyakit-coronavirus-2019-covid-19-di-malaysia/
2020-09-21,0,1,0,0,4 (3),0,0,0,0,0,0,49,0,3 (3),0,0,57 (6),https://kpkesihatan.com/2020/09/21/kenyataan-akhbar-kpk-21-september-2020-situasi-semasa-jangkitan-penyakit-coronavirus-2019-covid-19-di-malaysia/
2020-09-22,0,10,0,0,1,0,0,0,0,0,0,60,2 (1),9 (9),0,0,82 (10),https://kpkesihatan.com/2020/09/22/kenyataan-akhbar-kpk-22-september-2020-situasi-semasa-jangkitan-penyakit-coronavirus-2019-covid-19-di-malaysia/
2020-09-23,0,5,0,0,2,0,0,0,0,0,1,134,0,5 (4),0,0,147 (4),https://kpkesihatan.com/2020/09/23/kenyataan-akhbar-kpk-23-september-2020-situasi-semasa-jangkitan-penyakit-coronavirus-2019-covid-19-di-malaysia/
2020-09-24,0,4,0,0,3 (1),0,0,1 (1),0,0,0,63,0,0,0,0,71 (2),https://kpkesihatan.com/2020/09/24/kenyataan-akhbar-kpk-24-september-2020-situasi-semasa-jangkitan-penyakit-coronavirus-2019-covid-19-di-malaysia/
2020-09-25,0,8,0,0,2 (1),0,0,1 (1),1,0,0,97,0,2 (2),0,0,111 (4),https://kpkesihatan.com/2020/09/25/kenyataan-akhbar-kpk-25-september-2020-situasi-semasa-jangkitan-penyakit-coronavirus-2019-covid-19-di-malaysia/
2020-09-26,0,0,0,0,2,3,1,1,1,2,0,64,1,6 (3),0,1,82 (3),https://kpkesihatan.com/2020/09/26/kenyataan-akhbar-kpk-26-september-2020-situasi-semasa-jangkitan-penyakit-coronavirus-2019-covid-19-di-malaysia/
2020-09-27,0,0,0,0,11 (1),0,1,2,4,0,0,124,2,6 (3),0,0,150 (4),https://kpkesihatan.com/2020/09/27/kenyataan-akhbar-kpk-27-september-2020-situasi-semasa-jangkitan-penyakit-coronavirus-2019-covid-19-di-malaysia/
2020-09-28,0,1,0,0,11 (1),1 (1),1,0,0,1,0,98,0,1 (1),0,1,115 (3),https://kpkesihatan.com/2020/09/28/kenyataan-akhbar-kpk-28-september-2020-situasi-semasa-jangkitan-penyakit-coronavirus-2019-covid-19-di-malaysia/
2020-09-29,1,1,1,1,15 (1),0,1,2,0,0,1,73,3 (3),1,1,0,101 (4),https://kpkesihatan.com/2020/09/29/kenyataan-akhbar-kpk-29-september-2020-situasi-semasa-jangkitan-penyakit-coronavirus-2019-covid-19-di-malaysia/
2020-09-30,2,13,1,1,10,1,0,8,2,3,2,35,4,6 (3),0,1,89 (3),https://kpkesihatan.com/2020/09/30/kenyataan-akhbar-kpk-30-september-2020-situasi-semasa-jangkitan-penyakit-coronavirus-2019-covid-19-di-malaysia/
2020-10-01,2,98,1,0,13,0,1,5,1,2,0,118,0,14 (1),5,0,260 (1),https://kpkesihatan.com/2020/10/01/kenyataan-akhbar-kpk-1-oktober-2020-situasi-semasa-jangkitan-penyakit-coronavirus-2019-covid-19-di-malaysia/
2020-10-02,0,129,0,3,31,2,0,1,1,3,2,113,0,1,0,1,287 (0),https://kpkesihatan.com/2020/10/02/kenyataan-akhbar-kpk-2-oktober-2020-situasi-semasa-jangkitan-penyakit-coronavirus-2019-covid-19-di-malaysia/
2020-10-03,0,102,3,0,32,1,0,4,0,9,2,155,3,4,2,0,317 (0),https://kpkesihatan.com/2020/10/03/kenyataan-akhbar-kpk-3-oktober-2020-situasi-semasa-jangkitan-penyakit-coronavirus-2019-covid-19-di-malaysia/
2020-10-04,0,113,1,2,31,2,0,8,0,0,1,126,1,3 (1),0,5,293 (1),https://kpkesihatan.com/2020/10/04/kenyataan-akhbar-kpk-4-oktober-2020-situasi-semasa-jangkitan-penyakit-coronavirus-2019-covid-19-di-malaysia/
2020-10-05,0,241,0,2,34,1,1,2,1,5,1,130,1 (1),7 (2),2,4,432 (3),https://kpkesihatan.com/2020/10/05/kenyataan-akhbar-kpk-5-oktober-2020-situasi-semasa-jangkitan-penyakit-coronavirus-2019-covid-19-di-malaysia/
2020-10-06,0,397,3,8,39 (1),7,0,6,0,1,0,219,3,6 (2),1,1,691 (3),https://kpkesihatan.com/2020/10/06/kenyataan-akhbar-kpk-6-oktober-2020-situasi-semasa-jangkitan-penyakit-coronavirus-2019-covid-19-di-malaysia/
2020-10-07,0,153,7,4,20 (1),1,0,6,2,4,1,282,3,4 (1),2,0,489 (2),https://kpkesihatan.com/2020/10/07/kenyataan-akhbar-kpk-7-oktober-2020-situasi-semasa-jangkitan-penyakit-coronavirus-2019-covid-19-di-malaysia/
2020-10-08,0,16,1,5,36,2,1,5,1,5,0,271,8 (2),12 (2),2,10,375 (4),https://kpkesihatan.com/2020/10/08/kenyataan-akhbar-kpk-8-oktober-2020-situasi-semasa-jangkitan-penyakit-coronavirus-2019-covid-19-di-malaysia/
2020-10-09,0,10,8,1,24,4,0,5,0,5,0,274,10,10 (2),2,1,354 (2),https://kpkesihatan.com/2020/10/09/kenyataan-akhbar-kpk-9-oktober-2020-situasi-semasa-jangkitan-penyakit-coronavirus-2019-covid-19-di-malaysia/
2020-10-10,0,27,3,2,44,0,1,2,0,0,0,277,9,6 (2),1,2,374 (2),https://kpkesihatan.com/2020/10/10/kenyataan-akhbar-kpk-10-oktober-2020-situasi-semasa-jangkitan-penyakit-coronavirus-2019-covid-19-di-malaysia/
2020-10-11,0,16,1,1,26,0,3,3,0,3,0,488,0,15,0,5,561 (8),https://kpkesihatan.com/2020/10/11/kenyataan-akhbar-kpk-11-oktober-2020-situasi-semasa-jangkitan-penyakit-coronavirus-2019-covid-19-di-malaysia/
2020-10-12,0,10,141,4,69,12,1,2,0,0,0,291,1,28 (1),2,2,563 (1),https://kpkesihatan.com/2020/10/12/kenyataan-akhbar-kpk-12-oktober-2020-situasi-semasa-jangkitan-penyakit-coronavirus-2019-covid-19-di-malaysia/
2020-10-13,0,60,23,16,76,2,0,10,1,0,0,443,0,10 (1),0,19 (1),660 (2),https://kpkesihatan.com/2020/10/13/kenyataan-akhbar-kpk-13-oktober-2020-situasi-semasa-jangkitan-penyakit-coronavirus-2019-covid-19-di-malaysia/
2020-10-14,0,113,17,3,68,1,2,3,0,0,0,429,3,12 (5),1,8 (1),660 (6),https://kpkesihatan.com/2020/10/14/kenyataan-akhbar-kpk-14-oktober-2020-situasi-semasa-jangkitan-penyakit-coronavirus-2019-covid-19-di-malaysia/
2020-10-15,0,31,16,52,150,11,2,0,0,0,2,304,4 (2),10 (1),1,6,589 (3),https://kpkesihatan.com/2020/10/15/kenyataan-akhbar-kpk-15-oktober-2020-situasi-semasa-jangkitan-penyakit-coronavirus-2019-covid-19-di-malaysia/
2020-10-16,0,7,33,9,50,1,3,5,1,0,0,489,0,10 (2),2,19,629 (2),https://kpkesihatan.com/2020/10/16/kenyataan-akhbar-kpk-16-oktober-2020-situasi-semasa-jangkitan-penyakit-coronavirus-2019-covid-19-di-malaysia/
2020-10-17,0,38,189,4,159,1,1,2,0,3,0,451,4,15,2,0,869,https://kpkesihatan.com/2020/10/17/kenyataan-akhbar-kpk-17-oktober-2020-situasi-semasa-jangkitan-penyakit-coronavirus-2019-covid-19-di-malaysia/
2020-10-18,0,9,45,10,77 (5),3,1,1,0,2,0,702,5,7,0,9,871 (5),https://kpkesihatan.com/2020/10/18/kenyataan-akhbar-kpk-18-oktober-2020-situasi-semasa-jangkitan-penyakit-coronavirus-2019-covid-19-di-malaysia/
2020-10-19,0,3,26,18,107 (6),4,16,2,1,1,0,643,0,7 (1),3,34,865 (7),https://kpkesihatan.com/2020/10/19/kenyataan-akhbar-kpk-19-oktober-2020-situasi-semasa-jangkitan-penyakit-coronavirus-2019-covid-19-di-malaysia/
2020-10-20,0,17,8,9,132,6,0,1,0,0,1,673,1 (1),7 (1),1,6,862 (2),https://kpkesihatan.com/2020/10/20/kenyataan-akhbar-kpk-20-oktober-2020-situasi-semasa-jangkitan-penyakit-coronavirus-2019-covid-19-di-malaysia/
2020-10-21,0,7,12,7,116 (2),9,3,0,1,0,1,535,0,26 (6),6,9,732 (8),https://kpkesihatan.com/2020/10/21/kenyataan-akhbar-kpk-21-oktober-2020-situasi-semasa-jangkitan-penyakit-coronavirus-2019-covid-19-di-malaysia/
2020-10-22,0,3,10,14,137 (5),38,3,1,2,1,3,578,1,23,4,29,847 (5),https://kpkesihatan.com/2020/10/22/kenyataan-akhbar-kpk-22-oktober-2020-situasi-semasa-jangkitan-penyakit-coronavirus-2019-covid-19-di-malaysia/
2020-10-23,0,1,39,4,62,37,0,4,1,2,0,528,2,11 (1),0,19,710 (1),https://kpkesihatan.com/2020/10/23/kenyataan-akhbar-kpk-23-oktober-2020-situasi-semasa-jangkitan-penyakit-coronavirus-2019-covid-19-di-malaysia/
2020-10-24,0,76,23,10,76,96,3,7,0,0,0,889,8,19 (11),0,21,"1,228 (11)",https://kpkesihatan.com/2020/10/24/kenyataan-akhbar-kpk-24-oktober-2020-situasi-semasa-jangkitan-penyakit-coronavirus-2019-covid-19-di-malaysia/
2020-10-25,0,1,97,6,88,22,0,15,0,7,1,533,16,10,1,26,823,https://kpkesihatan.com/2020/10/25/kenyataan-akhbar-kpk-25-oktober-2020-situasi-semasa-jangkitan-penyakit-coronavirus-2019-covid-19-di-malaysia/
2020-10-26,0,3,61,8,177 (1),25,2,4,0,3,0,927,7,17,0,6 (1),"1,240 (2)",https://kpkesihatan.com/2020/10/26/kenyataan-akhbar-kpk-26-oktober-2020-situasi-semasa-jangkitan-penyakit-coronavirus-2019-covid-19-di-malaysia/
2020-10-27,0,4,13,11,126 (1),155,0,8,0,4,0,410,16,11 (2),1,76 (2),835 (5),https://kpkesihatan.com/2020/10/27/kenyataan-akhbar-kpk-27-oktober-2020-situasi-semasa-jangkitan-penyakit-coronavirus-2019-covid-19-di-malaysia/
2020-10-28,0,28,19,6,89 (1),24,0,8,0,11,0,546,27,14 (1),0,29,801 (2),https://kpkesihatan.com/2020/10/28/kenyataan-akhbar-kpk-28-oktober-2020-situasi-semasa-jangkitan-penyakit-coronavirus-2019-covid-19-di-malaysia/
2020-10-29,0,37,13,5,135 (3),43,1,10,1,1,0,352,10 (2),23 (2),1,17,649 (7),https://kpkesihatan.com/2020/10/29/kenyataan-akhbar-kpk-29-oktober-2020-situasi-semasa-jangkitan-penyakit-coronavirus-2019-covid-19-di-malaysia/
2020-10-30,0,5,35,10,150,23,0,9,0,0,0,466,16,19,1,65,799,https://kpkesihatan.com/2020/10/30/kenyataan-akhbar-kpk-30-oktober-2020-situasi-semasa-jangkitan-penyakit-coronavirus-2019-covid-19-di-malaysia/
2020-10-31,0,2,2,6,55 (1),25,0,0,1,2,1,529,9,11,4,12,659 (1),https://kpkesihatan.com/2020/10/31/kenyataan-akhbar-kpk-31-oktober-2020-situasi-semasa-jangkitan-penyakit-coronavirus-2019-covid-19-di-malaysia/
2020-11-01,0,1,23,5,225,8,1,1,0,15,0,644,11,4,1,18,957,https://kpkesihatan.com/2020/11/01/kenyataan-akhbar-kpk-1-november-2020-situasi-semasa-jangkitan-penyakit-coronavirus-2019-covid-19-di-malaysia/
2020-11-02,0,3,21,3,129,16,0,9 (1),1,0,2,503,14,22 (2),6,105,834 (3),https://kpkesihatan.com/2020/11/02/kenyataan-akhbar-kpk-2-november-2020-situasi-semasa-jangkitan-penyakit-coronavirus-2019-covid-19-di-malaysia/
2020-11-03,0,12,35,3 (1),125 (1),71,1,1,0,1,0,678,21,22 (12),3,81,"1,054 (14)",https://kpkesihatan.com/2020/11/03/kenyataan-akhbar-kpk-3-november-2020-situasi-semasa-jangkitan-penyakit-coronavirus-2019-covid-19-di-malaysia/
2020-11-04,0,25,23,6,231,44,0,2 (1),0,3,2,646,9,9 (2),4,28,"1,032 (3)",https://kpkesihatan.com/2020/11/04/kenyataan-akhbar-kpk-4-november-2020-situasi-semasa-jangkitan-penyakit-coronavirus-2019-covid-19-di-malaysia/
2020-11-05,0,7,36,6,180 (3),90,5,2,0,0,0,564,6,17 (3),1,95 (3),"1,009 (9)",https://kpkesihatan.com/2020/11/05/kenyataan-akhbar-kpk-5-november-2020-situasi-semasa-jangkitan-penyakit-coronavirus-2019-covid-19-di-malaysia/
2020-11-06,0,19,192,18,164,45,2,4 (1),0,8,0,1199,18 (1),18 (1),9,59,"1,755 (3)",https://kpkesihatan.com/2020/11/06/kenyataan-akhbar-kpk-6-november-2020-situasi-semasa-jangkitan-penyakit-coronavirus-2019-covid-19-di-malaysia/
2020-11-07,0,15,18,37,247,68,2,5,0,3,0,616,25,28,0,104,1168,https://kpkesihatan.com/2020/11/07/kenyataan-akhbar-kpk-7-november-2020-situasi-semasa-jangkitan-penyakit-coronavirus-2019-covid-19-di-malaysia/
2020-11-08,0,3,18,7,148 (12),104,5,1,0,1,2,524,2,11,2,24 (1),852 (13),https://kpkesihatan.com/2020/11/08/kenyataan-akhbar-kpk-8-november-2020-situasi-semasa-jangkitan-penyakit-coronavirus-2019-covid-19-di-malaysia/
2020-11-09,0,8,34,51,138 (1),260,5,10 (2),0,0,2,370,4,22 (2),5,63,972 (5),https://kpkesihatan.com/2020/11/09/kenyataan-akhbar-kpk-9-november-2020-situasi-semasa-jangkitan-penyakit-coronavirus-2019-covid-19-di-malaysia/
2020-11-10,0,3,27,12,236 (1),141,0,8,0,0,9,397,6,19,3,8,869 (1),https://kpkesihatan.com/2020/11/10/kenyataan-akhbar-kpk-10-november-2020-situasi-semasa-jangkitan-penyakit-coronavirus-2019-covid-19-di-malaysia/
2020-11-11,2,17,26,14,178 (2),225,6,10,0,0,1,259 (1),14,21 (4),3,46,822 (7),https://kpkesihatan.com/2020/11/11/kenyataan-akhbar-kpk-11-november-2020-situasi-semasa-jangkitan-penyakit-coronavirus-2019-covid-19-di-malaysia/
2020-11-12,0,3,63,9,174,240,8,8,0,0,2,319 (1),8,49 (2),1,35,919 (3),https://kpkesihatan.com/2020/11/12/kenyataan-akhbar-kpk-12-november-2020-situasi-semasa-jangkitan-penyakit-coronavirus-2019-covid-19-di-malaysia/
2020-11-13,0,5,42,13,364 (3),83,13,3,0,0,5,556,13,202 (1),1,4,"1,304 (4)",https://kpkesihatan.com/2020/11/13/kenyataan-akhbar-kpk-13-november-2020-situasi-semasa-jangkitan-penyakit-coronavirus-2019-covid-19-di-malaysia/
2020-11-14,0,10,34,53,200 (1),371,6,15,0,0,5,391,4 (1),13,4,8,"1,114 (2)",https://kpkesihatan.com/2020/11/14/kenyataan-akhbar-kpk-14-november-2020-situasi-semasa-jangkitan-penyakit-coronavirus-2019-covid-19-di-malaysia/
2020-11-15,1,8,42,21,185,48,2,9,0,0,1,381,4,475 (6),1,30,"1,208 (6)",https://kpkesihatan.com/2020/11/15/kenyataan-akhbar-kpk-15-november-2020-situasi-semasa-jangkitan-penyakit-coronavirus-2019-covid-19-di-malaysia/
2020-11-16,0,10,26,116,151 (1),90,1,8,0,4,7,288,1,392,1,8,"1,103 (1)",https://kpkesihatan.com/2020/11/16/kenyataan-akhbar-kpk-16-november-2020-situasi-semasa-jangkitan-penyakit-coronavirus-2019-covid-19-di-malaysia/
2020-11-17,0,8,33,47,271 (12),67,2,14,0,1,19,499,1,245 (7),2,1,"1,210 (19)",https://kpkesihatan.com/2020/11/17/kenyataan-akhbar-kpk-17-november-2020-situasi-semasa-jangkitan-penyakit-coronavirus-2019-covid-19-di-malaysia/
2020-11-18,0,11,16,16,141 (2),31,4,3,0,0,3,387,3,31 (2),1,13,660 (4),https://kpkesihatan.com/2020/11/18/kenyataan-akhbar-kpk-18-november-2020-situasi-semasa-jangkitan-penyakit-coronavirus-2019-covid-19-di-malaysia/
2020-11-19,0,7,8,48,407,32,1,15,0,0,17,660,8,72 (5),0,15,"1,290 (5)",https://kpkesihatan.com/2020/11/19/kenyataan-akhbar-kpk-19-november-2020-situasi-semasa-jangkitan-penyakit-coronavirus-2019-covid-19-di-malaysia/
2020-11-20,0,19,25,24,153,153,2,9,0,4,7,512,2,46 (5),1,1,958 (5),https://kpkesihatan.com/2020/11/20/kenyataan-akhbar-kpk-20-november-2020-situasi-semasa-jangkitan-penyakit-coronavirus-2019-covid-19-di-malaysia/
2020-11-21,0,6,17,29,402,121,0,33,0,0,7,346,0,68 (2),0,12,"1,041 (2)",https://kpkesihatan.com/2020/11/21/kenyataan-akhbar-kpk-21-november-2020-situasi-semasa-jangkitan-penyakit-coronavirus-2019-covid-19-di-malaysia/
2020-11-22,1,16,15,55,603 (1),29,5,9 (1),0,0,8,311,0,30 (4),1,13,"1,096 (6)",https://kpkesihatan.com/2020/11/22/kenyataan-akhbar-kpk-22-november-2020-situasi-semasa-jangkitan-penyakit-coronavirus-2019-covid-19-di-malaysia/
2020-11-23,1,36,12,81,1203,41,0,15 (1),0,0,9,289,0,196 (1),1,0,"1,884 (2)",https://kpkesihatan.com/2020/11/23/kenyataan-akhbar-kpk-23-november-2020-situasi-semasa-jangkitan-penyakit-coronavirus-2019-covid-19-di-malaysia/
2020-11-24,0,14,15,112,1623,73,2,19,0,0,6,232,1,90,0,1,2188,https://kpkesihatan.com/2020/11/24/kenyataan-akhbar-kpk-24-november-2020-situasi-semasa-jangkitan-penyakit-coronavirus-2019-covid-19-di-malaysia/
2020-11-25,0,24,14,80,115 (3),318,1,30,2,1,8,293,2 (2),44,1,37,970 (5),https://kpkesihatan.com/2020/11/25/kenyataan-akhbar-kpk-25-november-2020-situasi-semasa-jangkitan-penyakit-coronavirus-2019-covid-19-di-malaysia/
2020-11-26,0,24,17,79,161 (2),158,0,60,0,1,28,326,4 (2),59,5,13,935 (4),https://kpkesihatan.com/2020/11/26/kenyataan-akhbar-kpk-26-november-2020-situasi-semasa-jangkitan-penyakit-coronavirus-2019-covid-19-di-malaysia/
2020-11-27,0,25,64,42,175 (1),167,0,33,3,0,5,441,0,154 (9),0,0,"1,109 (10)",https://kpkesihatan.com/2020/11/27/kenyataan-akhbar-kpk-27-november-2020-situasi-semasa-jangkitan-penyakit-coronavirus-2019-covid-19-di-malaysia/
2020-11-28,0,17,92,167,266 (1),41,1,46,0,0,18,476,0,191 (4),0,0,"1,315 (5)",https://kpkesihatan.com/2020/11/28/kenyataan-akhbar-kpk-28-november-2020-situasi-semasa-jangkitan-penyakit-coronavirus-2019-covid-19-di-malaysia/
2020-11-29,0,52,46,77,238,32,1,37 (1),1,1,6,290,0,493,0,35,"1,309 (1)",https://kpkesihatan.com/2020/11/29/kenyataan-akhbar-kpk-29-november-2020-situasi-semasa-jangkitan-penyakit-coronavirus-2019-covid-19-di-malaysia/
2020-11-30,0,31,60,43,402 (4),141,0,54,2,0,1,326,2,119 (5),1,30,"1,212 (9)",https://kpkesihatan.com/2020/11/30/kenyataan-akhbar-kpk-30-november-2020-situasi-semasa-jangkitan-penyakit-coronavirus-2019-covid-19-di-malaysia/
2020-12-01,0,21,29,13,891 (2),146,0,68,0,0,10,267,1,26 (3),0,0,"1,472 (5)",https://kpkesihatan.com/2020/12/01/kenyataan-akhbar-kpk-1-disember-2020-situasi-semasa-jangkitan-penyakit-coronavirus-2019-covid-19-di-malaysia/
2020-12-02,0,26,60,34,249,62,1,102,1,0,2,229,0,85 (4),0,0,851 (4),https://kpkesihatan.com/2020/12/02/kenyataan-akhbar-kpk-2-disember-2020-situasi-semasa-jangkitan-penyakit-coronavirus-2019-covid-19-di-malaysia/
2020-12-03,0,32,43,26,459 (1),52,2,78,4,1,9,310,1,49 (1),0,9 (1),"1,075 (3)",https://kpkesihatan.com/2020/12/03/kenyataan-akhbar-kpk-3-disember-2020-situasi-semasa-jangkitan-penyakit-coronavirus-2019-covid-19-di-malaysia/
2020-12-04,1,24,48,47,320 (1),15,0,69,15,0,20,320,1 (1),256 (1),2,3,"1,141 (3)",https://kpkesihatan.com/2020/12/04/kenyataan-akhbar-kpk-4-disember-2020-situasi-semasa-jangkitan-penyakit-coronavirus-2019-covid-19-di-malaysia/
2020-12-05,0,30,44,39,221 (5),10,5,66,2,0,35,391,1,265,4,10,"1,123 (5)",https://kpkesihatan.com/2020/12/05/kenyataan-akhbar-kpk-5-disember-2020-situasi-semasa-jangkitan-penyakit-coronavirus-2019-covid-19-di-malaysia/
2020-12-06,0,17,31,108,337 (2),258,3,125,4,1,2,250,0,178 (1),0,21,"1,335 (3)",https://kpkesihatan.com/2020/12/06/kenyataan-akhbar-kpk-6-disember-2020-situasi-semasa-jangkitan-penyakit-coronavirus-2019-covid-19-di-malaysia/
2020-12-07,0,18,55,54,426 (2),541,1,98,1,0,3,248,2 (1),148,0,5,"1,600 (3)",https://kpkesihatan.com/2020/12/07/kenyataan-akhbar-kpk-7-disember-2020-situasi-semasa-jangkitan-penyakit-coronavirus-2019-covid-19-di-malaysia/
2020-12-08,0,10,18,29,417 (1),23,0,108,33,0,2,271,2 (1),98 (5),1,0,"1,012 (7)",https://kpkesihatan.com/2020/12/08/kenyataan-akhbar-kpk-8-disember-2020-situasi-semasa-jangkitan-penyakit-coronavirus-2019-covid-19-di-malaysia/
2020-12-09,0,16,29,33,277 (1),33,2,100,119,0,17,203,0,129 (5),0,1,959 (6),https://kpkesihatan.com/2020/12/09/kenyataan-akhbar-kpk-9-disember-2020-situasi-semasa-jangkitan-penyakit-coronavirus-2019-covid-19-di-malaysia/
2020-12-10,0,14,42,115 (1),1428,67,5,100,45,3,3,274,1,136 (4),1,0,"2,234 (5)",https://kpkesihatan.com/2020/12/10/kenyataan-akhbar-kpk-9-disember-2020-situasi-semasa-jangkitan-penyakit-coronavirus-2019-covid-19-di-malaysia-2/
2020-12-11,0,22,34,12,829 (8),64,5,69 (1),96,2,2,532,1 (1),132 (1),2,8,"1,810 (11)",https://kpkesihatan.com/2020/12/11/kenyataan-akhbar-kpk-11-disember-2020-situasi-semasa-jangkitan-penyakit-coronavirus-2019-covid-19-di-malaysia/
2020-12-12,0,16,102,62,823,49,15,105,79,6,1,429,1,238 (2),0,11,"1,937 (2)",https://kpkesihatan.com/2020/12/12/kenyataan-akhbar-kpk-12-disember-2020-situasi-semasa-jangkitan-penyakit-coronavirus-2019-covid-19-di-malaysia/
2020-12-13,1,13,26,105,435 (2),29,7,103,28,12,0,333,0,131,0,6,"1,229 (2)",https://kpkesihatan.com/2020/12/13/kenyataan-akhbar-kpk-13-disember-2020-situasi-semasa-jangkitan-penyakit-coronavirus-2019-covid-19-di-malaysia/
2020-12-14,0,5,31,62,532 (1),260,1,45,0,9,2,283,0,124,1,16,"1,371 (1)",https://kpkesihatan.com/2020/12/14/kenyataan-akhbar-kpk-14-disember-2020-situasi-semasa-jangkitan-penyakit-coronavirus-2019-covid-19-di-malaysia/
2020-12-15,0,20,34 (1),110,503 (3),67,5,48,8,7,3,260,0,696 (8),0,11,"1,772 (12)",https://kpkesihatan.com/2020/12/15/kenyataan-akhbar-kpk-15-disember-2020-situasi-semasa-jangkitan-penyakit-coronavirus-2019-covid-19-di-malaysia/
2020-12-16,0,9,69,35,481 (4),60,14,105 (1),13,1,1,268,0,232 (4),4,3 (1),"1,295 (10)",https://kpkesihatan.com/2020/12/16/kenyataan-akhbar-kpk-16-disember-2020-situasi-semasa-jangkitan-penyakit-coronavirus-2019-covid-19-di-malaysia/
2020-12-17,0,9,80,41,368,33,98,67,4,2,10,184,9 (6),297,2,16,"1,220 (6)",https://kpkesihatan.com/2020/12/17/kenyataan-akhbar-kpk-17-disember-2020-situasi-semasa-jangkitan-penyakit-coronavirus-2019-covid-19-di-malaysia/
2020-12-18,0,4,37,65,692 (2),174,140,77 (2),6,4,1,260 (1),1,197 (3),6,19,"1,683 (8)",https://kpkesihatan.com/2020/12/18/kenyataan-akhbar-kpk-18-disember-2020-situasi-semasa-jangkitan-penyakit-coronavirus-2019-covid-19-di-malaysia/
2020-12-19,0,13,30,82,401,18,3,75,16,0,10,199,2,281 (2),4,19,"1,153 (2)",https://kpkesihatan.com/2020/12/19/kenyataan-akhbar-kpk-19-disember-2020-situasi-semasa-jangkitan-penyakit-coronavirus-2019-covid-19-di-malaysia/
2020-12-20,0,6,30,10,441 (1),169,1,156,12,2,1,196,3 (2),284,2,27,"1,340 (3)",https://kpkesihatan.com/2020/12/20/kenyataan-akhbar-kpk-20-disember-2020-situasi-semasa-jangkitan-penyakit-coronavirus-2019-covid-19-di-malaysia/
2020-12-21,0,3,18,21,"1,204 (1)",58,9,278 (1),12,1,6,247,0,127 (4),5,29 (1),"2,018 (7)",https://kpkesihatan.com/2020/12/21/kenyataan-akhbar-kpk-21-disember-2020-situasi-semasa-jangkitan-penyakit-coronavirus-2019-covid-19-di-malaysia/
2020-12-22,0,5,23,17,"1,014 (1)",57,9,167,6,0,4,252,0,504 (3),2,2,"2,062 (4)",https://kpkesihatan.com/2020/12/22/kenyataan-akhbar-kpk-22-disember-2020-situasi-semasa-jangkitan-penyakit-coronavirus-2019-covid-19-di-malaysia/
2020-12-23,0,14,43,8,535 (12),31,124,118,45,1,4,189,4 (1),226 (3),4,2,"1,348 (16)",https://kpkesihatan.com/2020/12/23/kenyataan-akhbar-kpk-23-disember-2020-situasi-semasa-jangkitan-penyakit-coronavirus-2019-covid-19-di-malaysia/
2020-12-24,0,4,37,26,491 (1),144,76,115,12,7,9,249,2 (1),379,4,26,"1,581 (2)",https://kpkesihatan.com/2020/12/24/kenyataan-akhbar-kpk-24-disember-2020-situasi-semasa-jangkitan-penyakit-coronavirus-2019-covid-19-di-malaysia/
2020-12-25,0,0,25,55,461,89,14,205,11,0,4,225,3 (1),140,7,8 (1),"1,247 (2)",https://kpkesihatan.com/2020/12/25/kenyataan-akhbar-kpk-25-disember-2020-situasi-semasa-jangkitan-penyakit-coronavirus-2019-covid-19-di-malaysia/
2020-12-26,1,16,58,26,710 (1),33,5,412,19,0,54,248,6,728 (10),3,16,"2,335 (11)",https://kpkesihatan.com/2020/12/26/kenyataan-akhbar-kpk-26-disember-2020-situasi-semasa-jangkitan-penyakit-coronavirus-2019-covid-19-di-malaysia/
2020-12-27,0,27,37,30,392 (2),39,23,194,9,5,31,186,3 (3),202,6,12,"1,196 (5)",https://kpkesihatan.com/2020/12/27/kenyataan-akhbar-kpk-27-disember-2020-situasi-semasa-jangkitan-penyakit-coronavirus-2019-covid-19-di-malaysia/
2020-12-28,0,12,69,47,697,160,14,191,11,3,28,157,2 (2),194 (1),9,0,"1,594 (3)",https://kpkesihatan.com/2020/12/28/kenyataan-akhbar-kpk-28-disember-2020-situasi-semasa-jangkitan-penyakit-coronavirus-2019-covid-19-di-malaysia/
2020-12-29,0,8,57,17,747 (1),60,9,110,288,2,31,230 (1),4 (1),360 (7),2,0,"1,925 (10)",https://kpkesihatan.com/2020/12/29/kenyataan-akhbar-kpk-29-disember-2020-situasi-semasa-jangkitan-penyakit-coronavirus-2019-covid-19-di-malaysia/
2020-12-30,0,23,69,48,472,34,8,607,48,2,56,280,1,219 (1),1,2 (1),"1,870 (2)",https://kpkesihatan.com/2020/12/30/kenyataan-akhbar-kpk-30-disember-2020-situasi-semasa-jangkitan-penyakit-coronavirus-2019-covid-19-di-malaysia/
2020-12-31,0,24,92,33,1205,78,239,194,15,17,37,299,2,222 (5),5,63 (8),"2,525 (13)",https://kpkesihatan.com/2020/12/31/kenyataan-akhbar-kpk-31-disember-2020-situasi-semasa-jangkitan-penyakit-coronavirus-2019-covid-19-di-malaysia/
2021-01-01,0,20,226,51,776,51,23,112,16,14,53,254,8,457 (1),4,3 (1),"2,068 (2)",https://kpkesihatan.com/2021/01/01/kenyataan-akhbar-kpk-1-januari-2021-situasi-semasa-jangkitan-penyakit-coronavirus-2019-covid-19-di-malaysia/
2021-01-02,0,47,288,12 (1),638 (2),131,95,580,29,16,26,259,5,156 (6),12,1,"2,295 (9)",https://kpkesihatan.com/2021/01/02/kenyataan-akhbar-kpk-2-januari-2021-situasi-semasa-jangkitan-penyakit-coronavirus-2019-covid-19-di-malaysia/
2021-01-03,0,53,103,75,673 (1),72,6,179,21,4,47,316,10,112 (4),17,16,"1,704 (5)",https://kpkesihatan.com/2021/01/03/kenyataan-akhbar-kpk-3-januari-2021-situasi-semasa-jangkitan-penyakit-coronavirus-2019-covid-19-di-malaysia/
2021-01-04,1,45,55,34,687 (2),56,34,295,12,4,50,303,8 (1),150 (5),6,1,"1,741 (8)",https://kpkesihatan.com/2021/01/04/kenyataan-akhbar-kpk-4-januari-2021-situasi-semasa-jangkitan-penyakit-coronavirus-2019-covid-19-di-malaysia/
2021-01-05,0,47,60,25,509,98,21,428 (9),25,13,42,383,13 (1),313 (6),13,37,"2,027 (16)",https://kpkesihatan.com/2021/01/05/kenyataan-akhbar-kpk-5-januari-2021-situasi-semasa-jangkitan-penyakit-coronavirus-2019-covid-19-di-malaysia/
2021-01-06,0,42,77,34,965 (1),125,13,571 (2),11,19,43,405,5,265 (1),9,9,"2,593 (4)",https://kpkesihatan.com/2021/01/06/kenyataan-akhbar-kpk-6-januari-2021-situasi-semasa-jangkitan-penyakit-coronavirus-2019-covid-19-di-malaysia/
2021-01-07,0,30,111,59,706,63,11,"1,103 (3)",25,10,66,493,14 (1),316 (2),17,3,"3,027 (6)",https://kpkesihatan.com/2021/01/07/kenyataan-akhbar-kpk-7-januari-2021-situasi-semasa-jangkitan-penyakit-coronavirus-2019-covid-19-di-malaysia/
2021-01-08,3,107,75,80,"1,086 (2)",88,70,298,28,34,49,401,16,282,20,6,"2,643 (2)",https://kpkesihatan.com/2021/01/08/kenyataan-akhbar-kpk-8-januari-2021-situasi-semasa-jangkitan-penyakit-coronavirus-2019-covid-19-di-malaysia/
2021-01-09,8,65,273,42,564,351,50,302 (2),36,16,61,409,55 (1),198 (2),17,4,"2,451 (5)",https://kpkesihatan.com/2021/01/09/kenyataan-akhbar-kpk-9-januari-2021-situasi-semasa-jangkitan-penyakit-coronavirus-2019-covid-19-di-malaysia/
2021-01-10,5,71,189,80,730,144,35,321 (3),41,29,103,403,24,231 (4),10,17,"2,433 (7)",https://kpkesihatan.com/2021/01/10/kenyataan-akhbar-kpk-10-januari-2021-situasi-semasa-jangkitan-penyakit-coronavirus-2019-covid-19-di-malaysia/
2021-01-11,3,40,112,51,557 (1),102,37,396 (2),46,41,95,374,153 (1),204 (2),13,8,"2,232 (6)",https://kpkesihatan.com/2021/01/11/kenyataan-akhbar-kpk-11-januari-2021-situasi-semasa-jangkitan-penyakit-coronavirus-2019-covid-19-di-malaysia/
2021-01-12,0,62,317,241,"1,007 (1)",85,21,442,96,20,86,409,146 (1),326 (4),36,15,"3,309 (6)",https://kpkesihatan.com/2021/01/12/kenyataan-akhbar-kpk-12-januari-2021-situasi-semasa-jangkitan-penyakit-coronavirus-2019-covid-19-di-malaysia/
2021-01-13,1,97,105,61,837,106,72,535,143,27,85,450,166 (1),289 (1),11,0,"2,985 (2)",https://kpkesihatan.com/2021/01/13/kenyataan-akhbar-kpk-13-januari-2021-situasi-semasa-jangkitan-penyakit-coronavirus-2019-covid-19-di-malaysia/
2021-01-14,4,86,234,92,"1,036 (2)",169,85,460,113,89,85,389,180 (1),257 (4),24,34,"3,337 (7)",https://kpkesihatan.com/2021/01/14/kenyataan-akhbar-kpk-14-januari-2021-situasi-semasa-jangkitan-penyakit-coronavirus-2019-covid-19-di-malaysia/
2021-01-15,0,142,194,74,889 (1),70,58,535,70,92,79,514,60,401 (4),24,9,"3,211 (5)",https://kpkesihatan.com/2021/01/15/kenyataan-akhbar-kpk-15-januari-2021-situasi-semasa-jangkitan-penyakit-coronavirus-2019-covid-19-di-malaysia/
2021-01-16,14,195,120,54,1466,214,44,719,65,80,141,449,69 (1),347 (7),35,17,"4,029 (8)",https://kpkesihatan.com/2021/01/16/kenyataan-akhbar-kpk-16-januari-2021-situasi-semasa-jangkitan-penyakit-coronavirus-2019-covid-19-di-malaysia/
2021-01-17,13,96,120,107,1314,236,60,362 (2),61,22,114,393,62,334 (13),23,22,"3,339 (15)",https://kpkesihatan.com/2021/01/17/kenyataan-akhbar-kpk-17-januari-2021-situasi-semasa-jangkitan-penyakit-coronavirus-2019-covid-19-di-malaysia/
2021-01-18,16,142,145,114,"1,213 (1)",126,156,329,84,20,150,432,100,250 (6),15,14,"3,306 (7)",https://kpkesihatan.com/2021/01/18/kenyataan-akhbar-kpk-18-januari-2021-situasi-semasa-jangkitan-penyakit-coronavirus-2019-covid-19-di-malaysia/
2021-01-19,3,114,124,135,"1,199 (2)",139,122,368 (1),31,33,133,526 (1),156,521 (3),26,1,"3,631 (7)",https://kpkesihatan.com/2021/01/19/kenyataan-akhbar-kpk-19-januari-2021-situasi-semasa-jangkitan-penyakit-coronavirus-2019-covid-19-di-malaysia/
2021-01-20,3,142,124,170,"1,391 (1)",176,132,470,52,81,121,406,203,513 (4),23,1,"4,008 (5)",https://kpkesihatan.com/2021/01/20/kenyataan-akhbar-kpk-20-januari-2021-situasi-semasa-jangkitan-penyakit-coronavirus-2019-covid-19-di-malaysia/
2021-01-21,8,156,171,245,545 (1),102,106,423 (1),48,57,135,401 (1),132,576 (5),33,32,"3,170 (8)",https://kpkesihatan.com/2021/01/21/kenyataan-akhbar-kpk-21-januari-2021-situasi-semasa-jangkitan-penyakit-coronavirus-2019-covid-19-di-malaysia/
2021-01-22,13,166,202,138,782,197,82,466,61,178,161,453,229,435 (6),39,29,"3,631 (6)",https://kpkesihatan.com/2021/01/22/kenyataan-akhbar-kpk-22-januari-2021-situasi-semasa-jangkitan-penyakit-coronavirus-2019-covid-19-di-malaysia/
2021-01-23,7,105,162,208,1421,108,278,425 (1),75,131,78,498,193,548 (10),35,3,"4,275 (11)",https://kpkesihatan.com/2021/01/23/kenyataan-akhbar-kpk-23-januari-2021-situasi-semasa-jangkitan-penyakit-coronavirus-2019-covid-19-di-malaysia/
2021-01-24,3,85,90,46,950 (1),160,152,378 (3),63,179,77,431,255,390 (3),38,49,"3,346 (7)",https://kpkesihatan.com/2021/01/24/kenyataan-akhbar-kpk-24-januari-2021-situasi-semasa-jangkitan-penyakit-coronavirus-2019-covid-19-di-malaysia/
2021-01-25,3,74,110,103 (1),"1,035 (6)",95,90,529,46,79,89,348,120,305 (1),22,0,"3,048 (8)",https://kpkesihatan.com/2021/01/25/kenyataan-akhbar-kpk-25-januari-2021-situasi-semasa-jangkitan-penyakit-coronavirus-2019-covid-19-di-malaysia/
2021-01-26,2,88,104,58,1295,129,92,516,15,76,76,303,205,610 (2),15,1,"3,585 (2)",https://kpkesihatan.com/2021/01/26/kenyataan-akhbar-kpk-26-januari-2021-situasi-semasa-jangkitan-penyakit-coronavirus-2019-covid-19-di-malaysia/
2021-01-27,3,76,101,181 (1),822 (3),112,63,1069,42,68,60,295,70,698 (2),19,1,"3,680 (6)",https://kpkesihatan.com/2021/01/27/kenyataan-akhbar-kpk-27-januari-2021-situasi-semasa-jangkitan-penyakit-coronavirus-2019-covid-19-di-malaysia/
2021-01-28,9,92,99,94,"1,577 (3)",48,73,717,72,80,37,282,171 (1),678 (4),10,55,"4,094 (8)",https://kpkesihatan.com/2021/01/28/kenyataan-akhbar-kpk-28-januari-2021-situasi-semasa-jangkitan-penyakit-coronavirus-2019-covid-19-di-malaysia/
2021-01-29,3,125,99,73,3126,69,74,684,67,137 (1),93,288,179,687 (6),16,5,"5,725 (7)",https://kpkesihatan.com/2021/01/29/kenyataan-akhbar-kpk-29-januari-2021-situasi-semasa-jangkitan-penyakit-coronavirus-2019-covid-19-di-malaysia/
2021-01-30,0,99,101,112,"3,285 (2)",158,42,792,51,85,28,263,191,480,12,29 (3),"5,728 (5)",https://kpkesihatan.com/2021/01/30/kenyataan-akhbar-kpk-30-januari-2021-situasi-semasa-jangkitan-penyakit-coronavirus-2019-covid-19-di-malaysia/
2021-01-31,5,53,69,63,"2,460 (1)",42,153,"1,020 (1)",74,83,30,298,135,783 (1),6,24,"5,298 (3)",https://kpkesihatan.com/2021/01/31/kenyataan-akhbar-kpk-31-januari-2021-situasi-semasa-jangkitan-penyakit-coronavirus-2019-covid-19-di-malaysia/
2021-02-01,0,47,119,193,"1,362 (3)",91,85,"1,068 (2)",54,38,57,276,105,702 (4),10,7,"4,214 (9)",https://kpkesihatan.com/2021/02/01/kenyataan-akhbar-kpk-1-februari-2021-situasi-semasa-jangkitan-penyakit-coronavirus-2019-covid-19-di-malaysia/
2021-02-02,1,59,85,84,"1,145 (1)",79,62,708 (1),63,115,31,276,121,619 (3),6,1,"3,455 (5)",https://kpkesihatan.com/2021/02/02/kenyataan-akhbar-kpk-2-februari-2021-situasi-semasa-jangkitan-penyakit-coronavirus-2019-covid-19-di-malaysia/
2021-02-03,0,124,122,106,1572,133,53,964,66,55,65,190 (1),148,651 (5),14,21,"4,284 (6)",https://kpkesihatan.com/2021/02/03/kenyataan-akhbar-kpk-3-februari-2021-situasi-semasa-jangkitan-penyakit-coronavirus-2019-covid-19-di-malaysia/
2021-02-04,0,51,157,163,"2,056 (2)",100,238,664,78,69,48,175,270,481 (1),20,1,"4,571 (3)",https://kpkesihatan.com/2021/02/04/kenyataan-akhbar-kpk-4-februari-2021-situasi-semasa-jangkitan-penyakit-coronavirus-2019-covid-19-di-malaysia/
2021-02-05,1,91,149,92,"1,228 (2)",116,141,598,51,84,58,196,178,395 (1),6,7 (1),"3,391 (4)",https://kpkesihatan.com/2021/02/05/kenyataan-akhbar-kpk-5-februari-2021-situasi-semasa-jangkitan-penyakit-coronavirus-2019-covid-19-di-malaysia/
2021-02-06,4,64,211,36,1481,133,329,585 (2),48,56,62,233,185,402 (2),8,10,"3,847 (4)",https://kpkesihatan.com/2021/02/06/kenyataan-akhbar-kpk-6-februari-2021-situasi-semasa-jangkitan-penyakit-coronavirus-2019-covid-19-di-malaysia/
2021-02-07,2,43,250,71,1606,92,313,499 (2),34,29,32,160,219,372 (6),9,0,"3,731 (8)",https://kpkesihatan.com/2021/02/07/kenyataan-akhbar-kpk-7-februari-2021-situasi-semasa-jangkitan-penyakit-coronavirus-2019-covid-19-di-malaysia/
2021-02-08,4,37,209,72,1196,104,344,490,28,30,30,169,84,295 (1),8,0,"3,100 (1)",https://kpkesihatan.com/2021/02/08/kenyataan-akhbar-kpk-8-februari-2021-situasi-semasa-jangkitan-penyakit-coronavirus-2019-covid-19-di-malaysia/
2021-02-09,0,59,119,40,862 (2),99,203,521 (2),32,34,62,180,111,422 (2),10,10,"2,764 (6)",https://kpkesihatan.com/2021/02/09/kenyataan-akhbar-kpk-9-februari-2021-situasi-semasa-jangkitan-penyakit-coronavirus-2019-covid-19-di-malaysia/
2021-02-10,0,48,59,42,"1,757 (1)",157,92,369,14,24,44,132,135,408 (4),4,3,"3,288 (5)",https://kpkesihatan.com/2021/02/10/kenyataan-akhbar-kpk-10-februari-2021-situasi-semasa-jangkitan-penyakit-coronavirus-2019-covid-19-di-malaysia/
2021-02-11,4,228 (2),144,82,"1,082 (3)",89,101,777 (1),21,26,48,142 (1),184,435 (7),7,14 (1),"3,384 (15)",https://kpkesihatan.com/2021/02/11/kenyataan-akhbar-kpk-11-februari-2021-situasi-semasa-jangkitan-penyakit-coronavirus-2019-covid-19-di-malaysia/
2021-02-12,0,188,149,99,"1,214 (1)",118,45,742 (1),30,72,79,118,83,374 (5),6,1,"3,318 (7)",https://kpkesihatan.com/2021/02/12/kenyataan-akhbar-kpk-12-februari-2021-situasi-semasa-jangkitan-penyakit-coronavirus-2019-covid-19-di-malaysia/
2021-02-13,2,111,138,121,"1,345 (1)",58,50,802,13,46,44,101,152,511,3,2,"3,499 (1)",https://kpkesihatan.com/2021/02/13/kenyataan-akhbar-kpk-13-februari-2021-situasi-semasa-jangkitan-penyakit-coronavirus-2019-covid-19-di-malaysia/
2021-02-14,0,92,56,85,"1,103 (1)",40,11,492,10,51,88,116,161,154 (2),4,1,"2,464 (3)",https://kpkesihatan.com/2021/02/14/kenyataan-akhbar-kpk-14-februari-2021-situasi-semasa-jangkitan-penyakit-coronavirus-2019-covid-19-di-malaysia/
2021-02-15,0,33,91,83,910,145,14,269,15,53,31,97,246,182 (1),7,0,"2,176 (1)",https://kpkesihatan.com/2021/02/15/kenyataan-akhbar-kpk-15-februari-2021-situasi-semasa-jangkitan-penyakit-coronavirus-2019-covid-19-di-malaysia/
2021-02-16,0,38,72,69,1300,64,14,451,19,26,17,132,193,318,6,1,2720,https://kpkesihatan.com/2021/02/16/kenyataan-akhbar-kpk-16-februari-2021-situasi-semasa-jangkitan-penyakit-coronavirus-2019-covid-19-di-malaysia/
2021-02-17,0,36,92,99,1382,233,20,436,14,91,72 (1),94,200,226 (6),2,1,"2,998 (7)",https://kpkesihatan.com/2021/02/17/kenyataan-akhbar-kpk-17-februari-2021-situasi-semasa-jangkitan-penyakit-coronavirus-2019-covid-19-di-malaysia/
2021-02-18,6,182,116,198,1013,81,38,426 (2),52,19,43,114,200 (1),212 (1),7,5,"2,712 (4)",https://kpkesihatan.com/2021/02/18/kenyataan-akhbar-kpk-18-februari-2021-situasi-semasa-jangkitan-penyakit-coronavirus-2019-covid-19-di-malaysia/
2021-02-19,0,36,188,155,978 (1),191,26,730,26,37,38,101,199 (8),227 (8),3,1,"2,936 (17)",https://kpkesihatan.com/2021/02/19/kenyataan-akhbar-kpk-19-februari-2021-situasi-semasa-jangkitan-penyakit-coronavirus-2019-covid-19-di-malaysia/
2021-02-20,3,101,87,108,1001,89,32,233,42,22,257,109,134,230,13,0,2461,https://kpkesihatan.com/2021/02/20/kenyataan-akhbar-kpk-20-februari-2021-situasi-semasa-jangkitan-penyakit-coronavirus-2019-covid-19-di-malaysia/
2021-02-21,0,15,127,1215,868 (4),122,65,431 (1),9,12,30,85,185,123 (1),7,3,"3,297 (6)",https://kpkesihatan.com/2021/02/21/kenyataan-akhbar-kpk-21-februari-2021-situasi-semasa-jangkitan-penyakit-coronavirus-2019-covid-19-di-malaysia/
2021-02-22,4,26,135,148,910,64,14,211 (1),7,4,28,110,221,303 (2),7,0,"2,192 (3)",https://kpkesihatan.com/2021/02/22/kenyataan-akhbar-kpk-22-februari-2021-situasi-semasa-jangkitan-penyakit-coronavirus-2019-covid-19-di-malaysia/
2021-02-23,0,15,155,308,932 (2),100,22,428,11,9,96,94,133,155,4,6 (2),"2,468 (4)",https://kpkesihatan.com/2021/02/23/kenyataan-akhbar-kpk-23-februari-2021-situasi-semasa-jangkitan-penyakit-coronavirus-2019-covid-19-di-malaysia/
2021-02-24,0,17,95,188,581 (1),1392,26,318,8,22,53,105,353,381,1,5,"3,545 (1)",https://kpkesihatan.com/2021/02/24/kenyataan-akhbar-kpk-24-februari-2021-situasi-semasa-jangkitan-penyakit-coronavirus-2019-covid-19-di-malaysia/
2021-02-25,1,29,162,120,666 (2),62,22,257,19,6,44,93,219 (1),218 (3),2,4,"1,924 (6)",https://kpkesihatan.com/2021/02/25/kenyataan-akhbar-kpk-25-februari-2021-situasi-semasa-jangkitan-penyakit-coronavirus-2019-covid-19-di-malaysia/
2021-02-26,4,25,93,545,633 (2),68,13,276 (1),21,1,73,129,250,122 (4),0,0,"2,253 (7)",https://kpkesihatan.com/2021/02/26/kenyataan-akhbar-kpk-26-februari-2021-situasi-semasa-jangkitan-penyakit-coronavirus-2019-covid-19-di-malaysia/
2021-02-27,0,17,155,305,862,74,17,314,8,11,68,157,255,117 (1),4,0,"2,364 (1)",https://kpkesihatan.com/2021/02/27/kenyataan-akhbar-kpk-27-februari-2021-situasi-semasa-jangkitan-penyakit-coronavirus-2019-covid-19-di-malaysia/
2021-02-28,0,13,105,287,914 (1),65,10,340,11,12,33,134,171 (1),337,3,2,"2,437 (2)",https://kpkesihatan.com/2021/02/28/kenyataan-akhbar-kpk-28-februari-2021-situasi-semasa-jangkitan-penyakit-coronavirus-2019-covid-19-di-malaysia/
2021-03-01,1,16,85,144,453 (1),167,8,490 (1),8,15,36,104,220,75 (5),6,0,"1,828 (7)",https://kpkesihatan.com/2021/03/01/kenyataan-akhbar-kpk-1-mac-2021-situasi-semasa-jangkitan-penyakit-coronavirus-2019-covid-19-di-malaysia/
2021-03-02,0,11,106,63,672 (1),115,11,163,3,7,46,53,159 (1),145 (1),1,0,"1,555 (3)",https://kpkesihatan.com/2021/03/02/kenyataan-akhbar-kpk-2-mac-2021-situasi-semasa-jangkitan-penyakit-coronavirus-2019-covid-19-di-malaysia/
2021-03-03,0,40,90,136,640 (2),24,36,376,36,5,33,95,139,92,3,0,"1,745 (2)",https://kpkesihatan.com/2021/03/03/kenyataan-akhbar-kpk-3-mac-2021-situasi-semasa-jangkitan-penyakit-coronavirus-2019-covid-19-di-malaysia/
2021-03-04,1,12,337,101,630 (2),91,3,255 (1),13,10,44,78,361,120 (6),7,0,"2,063 (9)",https://kpkesihatan.com/2021/03/04/kenyataan-akhbar-kpk-4-mac-2021-situasi-semasa-jangkitan-penyakit-coronavirus-2019-covid-19-di-malaysia/
2021-03-05,1,9,119,109,794 (2),77,10,463,38,16,57,97,250,108 (3),4,2,"2,154 (5)",https://kpkesihatan.com/2021/03/05/kenyataan-akhbar-kpk-5-mac-2021-situasi-semasa-jangkitan-penyakit-coronavirus-2019-covid-19-di-malaysia/
2021-03-06,0,11,84,68,826,89,10,139,17,22,35,74,221,81 (3),2,1,"1,680 (3)",https://kpkesihatan.com/2021/03/06/kenyataan-akhbar-kpk-6-mac-2021-situasi-semasa-jangkitan-penyakit-coronavirus-2019-covid-19-di-malaysia/
2021-03-07,24,15,172,48,746 (1),48,3,158,12,10,12,99,201,125 (9),2,8,"1,683 (10)",https://kpkesihatan.com/2021/03/07/kenyataan-akhbar-kpk-7-mac-2021-situasi-semasa-jangkitan-penyakit-coronavirus-2019-covid-19-di-malaysia/
2021-03-08,17,9,76,49,726 (5),89,4,120 (2),3,13,28,71,252,71 (2),1,0,"1,529 (9)",https://kpkesihatan.com/2021/03/08/kenyataan-akhbar-kpk-8-mac-2021-situasi-semasa-jangkitan-penyakit-coronavirus-2019-covid-19-di-malaysia/
2021-03-09,1,25,143,34,464,45,0,165,2,36,16,64,163 (1),119 (1),3,0,"1,280 (2)",https://kpkesihatan.com/2021/03/09/kenyataan-akhbar-kpk-9-mac-2021-situasi-semasa-jangkitan-penyakit-coronavirus-2019-covid-19-di-malaysia/
2021-03-10,7,20,99,83,561 (2),10,11,273 (8),1,8,19,54,199,103,0,0,"1,448 (10)",https://kpkesihatan.com/2021/03/10/kenyataan-akhbar-kpk-10-mac-2021-situasi-semasa-jangkitan-penyakit-coronavirus-2019-covid-19-di-malaysia/
2021-03-11,2,18,169,69,712 (1),79,71,170 (2),7,4,28,61,168 (1),86 (1),2,1,"1,647 (5)",https://kpkesihatan.com/2021/03/11/kenyataan-akhbar-kpk-11-mac-2021-situasi-semasa-jangkitan-penyakit-coronavirus-2019-covid-19-di-malaysia/
2021-03-12,25,23,132,44,751,32,25,135 (1),4,16,43,57 (1),173,108 (5),4,3,"1,575 (7)",https://kpkesihatan.com/2021/03/12/kenyataan-akhbar-kpk-12-mac-2021-situasi-semasa-jangkitan-penyakit-coronavirus-2019-covid-19-di-malaysia/
2021-03-13,29,13,178,72,551 (9),6,2,101,8,14,40,71,222,158 (2),4,1 (1),"1,470 (12)",https://kpkesihatan.com/2021/03/13/kenyataan-akhbar-kpk-13-mac-2021-situasi-semasa-jangkitan-penyakit-coronavirus-2019-covid-19-di-malaysia/
2021-03-14,0,33,154,101,577 (8),21,4,121,5,37,26,39,178 (6),55,2,1,"1,354 (14)",https://kpkesihatan.com/2021/03/14/kenyataan-akhbar-kpk-14-mac-2021-situasi-semasa-jangkitan-penyakit-coronavirus-2019-covid-19-di-malaysia/
2021-03-15,0,27,142,37,379 (3),80,2,118 (2),17,39,25,29,251,61 (4),1,0,"1,208 (9)",https://kpkesihatan.com/2021/03/15/kenyataan-akhbar-kpk-15-mac-2021-situasi-semasa-jangkitan-penyakit-coronavirus-2019-covid-19-di-malaysia/
2021-03-16,0,32,175,24,323,17,1,91,2,23,67,38,183,86 (4),0,1,"1,063 (4)",https://kpkesihatan.com/2021/03/16/kenyataan-akhbar-kpk-16-mac-2021-situasi-semasa-jangkitan-penyakit-coronavirus-2019-covid-19-di-malaysia/
2021-03-17,1,26,69,36,499,46,20,169 (4),3,15,19,31,225,54 (3),5,1,"1,219 (7)",https://kpkesihatan.com/2021/03/17/kenyataan-akhbar-kpk-17-mac-2021-situasi-semasa-jangkitan-penyakit-coronavirus-2019-covid-19-di-malaysia/
2021-03-18,0,38,104,39,353 (2),23,8,142,14,15,20,73,303,79 (4),0,2,"1,213 (6)",https://kpkesihatan.com/2021/03/18/kenyataan-akhbar-kpk-18-mac-2021-situasi-semasa-jangkitan-penyakit-coronavirus-2019-covid-19-di-malaysia/
2021-03-19,0,25,182,100,348 (1),41,54,137,13,6,52,33,407,175 (10),1,2,"1,576 (11)",https://kpkesihatan.com/2021/03/19/kenyataan-akhbar-kpk-19-mac-2021-situasi-semasa-jangkitan-penyakit-coronavirus-2019-covid-19-di-malaysia/
2021-03-20,0,46,328,37,652,25,18,130,3,32,63,102,154,78 (2),0,3,"1,671 (2)",https://kpkesihatan.com/2021/03/20/kenyataan-akhbar-kpk-20-mac-2021-situasi-semasa-jangkitan-penyakit-coronavirus-2019-covid-19-di-malaysia/
2021-03-21,5,30,205,55,356 (2),22,10,141 (3),11,18,30,50,276 (2),115 (4),3,0,"1,327 (11)",https://kpkesihatan.com/2021/03/21/kenyataan-akhbar-kpk-21-mac-2021-situasi-semasa-jangkitan-penyakit-coronavirus-2019-covid-19-di-malaysia/
2021-03-22,0,27,88,39,403 (1),41,12,86,42,3,44,36,124 (3),158 (4),5,8,"1,116 (8)",https://kpkesihatan.com/2021/03/22/kenyataan-akhbar-kpk-22-mac-2021-situasi-semasa-jangkitan-penyakit-coronavirus-2019-covid-19-di-malaysia/
2021-03-23,0,51,100,4,625 (2),10,45,161 (1),38,7,65,60,140,64 (3),0,14 (3),"1,384 (9)",https://kpkesihatan.com/2021/03/23/kenyataan-akhbar-kpk-23-mac-2021-situasi-semasa-jangkitan-penyakit-coronavirus-2019-covid-19-di-malaysia/
2021-03-24,0,49,99,42,490,59,52,135,43,4,49,45,141 (1),53 (4),6,1,"1,268 (5)",https://kpkesihatan.com/2021/03/24/kenyataan-akhbar-kpk-24-mac-2021-situasi-semasa-jangkitan-penyakit-coronavirus-2019-covid-19-di-malaysia/
2021-03-25,0,44,113,71,356,49,32,129,10,6,63,70,308,98 (1),8,3,"1,360 (1)",https://kpkesihatan.com/2021/03/25/kenyataan-akhbar-kpk-25-mac-2021-situasi-semasa-jangkitan-penyakit-coronavirus-2019-covid-19-di-malaysia/
2021-03-26,2,27,137,28,478 (14),12,19,120,6,3,86,51,213 (5),86 (13),2,5,"1,275 (32)",https://kpkesihatan.com/2021/03/26/kenyataan-akhbar-kpk-26-mac-2021-situasi-semasa-jangkitan-penyakit-coronavirus-2019-covid-19-di-malaysia/
2021-03-27,0,33,125,9,283 (1),43,36,81 (1),30,3,138,64,267 (1),84 (2),1,2,"1,199 (5)",https://kpkesihatan.com/2021/03/27/kenyataan-akhbar-kpk-27-mac-2021-situasi-semasa-jangkitan-penyakit-coronavirus-2019-covid-19-di-malaysia/
2021-03-28,0,23,212,23,256,9,5,176 (1),32,2,34,38,426,58 (8),2,6,"1,302 (9)",https://kpkesihatan.com/2021/03/28/kenyataan-akhbar-kpk-28-mac-2021-situasi-semasa-jangkitan-penyakit-coronavirus-2019-covid-19-di-malaysia/
2021-03-29,0,13,164,5,219 (2),18,8,171,5,4,49,34,192,57 (6),1,1,941 (8),https://kpkesihatan.com/2021/03/29/kenyataan-akhbar-kpk-29-mac-2021-situasi-semasa-jangkitan-penyakit-coronavirus-2019-covid-19-di-malaysia/
2021-03-30,1,41,194,44,401 (2),39,6,96 (1),16,2,44,41,153 (1),53 (4),1,1,"1,133 (8)",https://kpkesihatan.com/2021/03/30/kenyataan-akhbar-kpk-30-mac-2021-situasi-semasa-jangkitan-penyakit-coronavirus-2019-covid-19-di-malaysia/
2021-03-31,1,37,200,31,661,32,41,86,36,2,57,69,176,42 (2),3,8,"1,482 (2)",https://kpkesihatan.com/2021/03/31/kenyataan-akhbar-kpk-31-mac-2021-situasi-semasa-jangkitan-penyakit-coronavirus-2019-covid-19-di-malaysia/
2021-04-01,0,32,190,31,237 (10),34,9,165,14,6,27,86,238 (1),101 (9),1,7,"1,178 (20)",https://kpkesihatan.com/2021/04/01/kenyataan-akhbar-kpk-1-april-2021-situasi-semasa-jangkitan-penyakit-coronavirus-2019-covid-19-di-malaysia/
2021-04-02,1,21,139,14,455 (1),31,22,103 (1),57,8,66,63,217 (3),88 (20),5 (1),4,"1,294 (26)",https://kpkesihatan.com/2021/04/02/kenyataan-akhbar-kpk-2-april-2021-situasi-semasa-jangkitan-penyakit-coronavirus-2019-covid-19-di-malaysia/
2021-04-03,0,20,92,494,352 (2),25,20,83,35,4,64,73 (1),290 (1),67 (2),7,12 (1),"1,638 (7)",https://kpkesihatan.com/2021/04/03/kenyataan-akhbar-kpk-3-april-2021-situasi-semasa-jangkitan-penyakit-coronavirus-2019-covid-19-di-malaysia/
2021-04-04,1,32,185,24,343 (1),20,15,95,11,6,18,68,419,73 (5),17,22 (1),"1,349 (7)",https://kpkesihatan.com/2021/04/04/kenyataan-akhbar-kpk-4-april-2021-situasi-semasa-jangkitan-penyakit-coronavirus-2019-covid-19-di-malaysia/
2021-04-05,2,34,133,8,327 (2),12,25,55 (1),37 (1),3,31,65,225,88 (5),8,17,"1,070 (9)",https://kpkesihatan.com/2021/04/05/kenyataan-akhbar-kpk-5-april-2021-situasi-semasa-jangkitan-penyakit-coronavirus-2019-covid-19-di-malaysia/
2021-04-06,0,27,110,61,242 (5),14,7 (1),98 (1),11,9,126,112,385 (4),87 (10),3,8 (3),"1,300 (24)",https://kpkesihatan.com/2021/04/06/kenyataan-akhbar-kpk-6-april-2021-situasi-semasa-jangkitan-penyakit-coronavirus-2019-covid-19-di-malaysia/
2021-04-07,0,35,93,24,294,30,13,102 (4),23,10,38,60 (1),332 (1),84 (7),0,1,"1,139 (13)",https://kpkesihatan.com/2021/04/07/kenyataan-akhbar-kpk-7-april-2021-situasi-semasa-jangkitan-penyakit-coronavirus-2019-covid-19-di-malaysia/
2021-04-08,1,31,162,24,374 (3),12,11,101,12,11,87,106,211 (1),120 (13),19,3,"1,285 (17)",https://kpkesihatan.com/2021/04/08/kenyataan-akhbar-kpk-8-april-2021-situasi-semasa-jangkitan-penyakit-coronavirus-2019-covid-19-di-malaysia/
2021-04-09,0,40,176,29,403 (2),40,34 (1),103 (1),19,29,143,139,555 (1),135 (15),6,3,"1,854 (20)",https://kpkesihatan.com/2021/04/09/kenyataan-akhbar-kpk-9-april-2021-situasi-semasa-jangkitan-penyakit-coronavirus-2019-covid-19-di-malaysia/
2021-04-10,2,59,101,46,415 (3),28,6,80,13,44,171,131,296,106 (2),10,2,"1,510 (5)",https://kpkesihatan.com/2021/04/10/kenyataan-akhbar-kpk-10-april-2021-situasi-semasa-jangkitan-penyakit-coronavirus-2019-covid-19-di-malaysia/
2021-04-11,0,40,113,50,535 (1),40,59,67,22,34,98,127,443 (1),96 (6),11,4,"1,739 (8)",https://kpkesihatan.com/2021/04/11/kenyataan-akhbar-kpk-11-april-2021-situasi-semasa-jangkitan-penyakit-coronavirus-2019-covid-19-di-malaysia/
2021-04-12,2,47,112,21,303,63,11,61 (1),32,22,58,109,351,116 (11),9,0,"1,317 (12)",https://kpkesihatan.com/2021/04/12/kenyataan-akhbar-kpk-12-april-2021-situasi-semasa-jangkitan-penyakit-coronavirus-2019-covid-19-di-malaysia/
2021-04-13,0,39,92,36,483 (3),29,17,74,14,13,103,117,607,133 (6),7,3,"1,767 (9)",https://kpkesihatan.com/2021/04/13/kenyataan-akhbar-kpk-13-april-2021-situasi-semasa-jangkitan-penyakit-coronavirus-2019-covid-19-di-malaysia/
2021-04-14,3,53,92,56,517 (2),51,6,84,13,14,226,142 (1),489 (1),134 (2),8,1,"1,889 (6)",https://kpkesihatan.com/2021/04/14/kenyataan-akhbar-kpk-14-april-2021-situasi-semasa-jangkitan-penyakit-coronavirus-2019-covid-19-di-malaysia/
2021-04-15,1,26,134,51,459,34,53,182,34,57,221,202,512,171 (19),8,3,"2,148 (19)",https://kpkesihatan.com/2021/04/15/kenyataan-akhbar-kpk-15-april-2021-situasi-semasa-jangkitan-penyakit-coronavirus-2019-covid-19-di-malaysia/
